token_id,rarity_tier,price_eth,name
130,Over-the-Fence Shot,0.0777,Satoshe Slugger #131
912,Over-the-Fence Shot,0.0777,Satoshe Slugger #913
975,Over-the-Fence Shot,0.0777,Satoshe Slugger #976
1127,Over-the-Fence Shot,0.0777,Satoshe Slugger #1128
1169,Over-the-Fence Shot,0.0777,Satoshe Slugger #1170
1196,Over-the-Fence Shot,0.0777,Satoshe Slugger #1197
1206,Over-the-Fence Shot,0.0777,Satoshe Slugger #1207
1239,Over-the-Fence Shot,0.0777,Satoshe Slugger #1240
1252,Over-the-Fence Shot,0.0777,Satoshe Slugger #1253
1283,Over-the-Fence Shot,0.0777,Satoshe Slugger #1284
1337,Over-the-Fence Shot,0.0777,Satoshe Slugger #1338
1403,Over-the-Fence Shot,0.0777,Satoshe Slugger #1404
1471,Over-the-Fence Shot,0.0777,Satoshe Slugger #1472
1539,Over-the-Fence Shot,0.0777,Satoshe Slugger #1540
1545,Over-the-Fence Shot,0.0777,Satoshe Slugger #1546
1563,Over-the-Fence Shot,0.0777,Satoshe Slugger #1564
1565,Over-the-Fence Shot,0.0777,Satoshe Slugger #1566
1655,Over-the-Fence Shot,0.0777,Satoshe Slugger #1656
1677,Over-the-Fence Shot,0.0777,Satoshe Slugger #1678
1707,Over-the-Fence Shot,0.0777,Satoshe Slugger #1708
1728,Over-the-Fence Shot,0.0777,Satoshe Slugger #1729
1733,Over-the-Fence Shot,0.0777,Satoshe Slugger #1734
1742,Over-the-Fence Shot,0.0777,Satoshe Slugger #1743
1827,Over-the-Fence Shot,0.0777,Satoshe Slugger #1828
1850,Over-the-Fence Shot,0.0777,Satoshe Slugger #1851
1896,Over-the-Fence Shot,0.0777,Satoshe Slugger #1897
1900,Over-the-Fence Shot,0.0777,Satoshe Slugger #1901
1955,Over-the-Fence Shot,0.0777,Satoshe Slugger #1956
1977,Over-the-Fence Shot,0.0777,Satoshe Slugger #1978
2020,Over-the-Fence Shot,0.0777,Satoshe Slugger #2021
2044,Over-the-Fence Shot,0.0777,Satoshe Slugger #2045
2073,Over-the-Fence Shot,0.0777,Satoshe Slugger #2074
2113,Over-the-Fence Shot,0.0777,Satoshe Slugger #2114
2144,Over-the-Fence Shot,0.0777,Satoshe Slugger #2145
2160,Over-the-Fence Shot,0.0777,Satoshe Slugger #2161
2201,Over-the-Fence Shot,0.0777,Satoshe Slugger #2202
2207,Over-the-Fence Shot,0.0777,Satoshe Slugger #2208
2262,Over-the-Fence Shot,0.0777,Satoshe Slugger #2263
2289,Over-the-Fence Shot,0.0777,Satoshe Slugger #2290
2320,Over-the-Fence Shot,0.0777,Satoshe Slugger #2321
2324,Over-the-Fence Shot,0.0777,Satoshe Slugger #2325
2362,Over-the-Fence Shot,0.0777,Satoshe Slugger #2363
2367,Over-the-Fence Shot,0.0777,Satoshe Slugger #2368
2439,Over-the-Fence Shot,0.0777,Satoshe Slugger #2440
2449,Over-the-Fence Shot,0.0777,Satoshe Slugger #2450
2472,Over-the-Fence Shot,0.0777,Satoshe Slugger #2473
2497,Over-the-Fence Shot,0.0777,Satoshe Slugger #2498
2501,Over-the-Fence Shot,0.0777,Satoshe Slugger #2502
2565,Over-the-Fence Shot,0.0777,Satoshe Slugger #2566
2572,Over-the-Fence Shot,0.0777,Satoshe Slugger #2573
2587,Over-the-Fence Shot,0.0777,Satoshe Slugger #2588
2657,Over-the-Fence Shot,0.0777,Satoshe Slugger #2658
2699,Over-the-Fence Shot,0.0777,Satoshe Slugger #2700
2725,Over-the-Fence Shot,0.0777,Satoshe Slugger #2726
2807,Over-the-Fence Shot,0.0777,Satoshe Slugger #2808
2847,Over-the-Fence Shot,0.0777,Satoshe Slugger #2848
2913,Over-the-Fence Shot,0.0777,Satoshe Slugger #2914
2930,Over-the-Fence Shot,0.0777,Satoshe Slugger #2931
2932,Over-the-Fence Shot,0.0777,Satoshe Slugger #2933
2971,Over-the-Fence Shot,0.0777,Satoshe Slugger #2972
3029,Over-the-Fence Shot,0.0777,Satoshe Slugger #3030
3097,Over-the-Fence Shot,0.0777,Satoshe Slugger #3098
3149,Over-the-Fence Shot,0.0777,Satoshe Slugger #3150
3240,Over-the-Fence Shot,0.0777,Satoshe Slugger #3241
3377,Over-the-Fence Shot,0.0777,Satoshe Slugger #3378
3452,Over-the-Fence Shot,0.0777,Satoshe Slugger #3453
3472,Over-the-Fence Shot,0.0777,Satoshe Slugger #3473
3522,Over-the-Fence Shot,0.0777,Satoshe Slugger #3523
3623,Over-the-Fence Shot,0.0777,Satoshe Slugger #3624
3645,Over-the-Fence Shot,0.0777,Satoshe Slugger #3646
3651,Over-the-Fence Shot,0.0777,Satoshe Slugger #3652
3695,Over-the-Fence Shot,0.0777,Satoshe Slugger #3696
3744,Over-the-Fence Shot,0.0777,Satoshe Slugger #3745
3758,Over-the-Fence Shot,0.0777,Satoshe Slugger #3759
3851,Over-the-Fence Shot,0.0777,Satoshe Slugger #3852
3926,Over-the-Fence Shot,0.0777,Satoshe Slugger #3927
3996,Over-the-Fence Shot,0.0777,Satoshe Slugger #3997
4023,Over-the-Fence Shot,0.0777,Satoshe Slugger #4024
4077,Over-the-Fence Shot,0.0777,Satoshe Slugger #4078
4177,Over-the-Fence Shot,0.0777,Satoshe Slugger #4178
4274,Over-the-Fence Shot,0.0777,Satoshe Slugger #4275
4275,Over-the-Fence Shot,0.0777,Satoshe Slugger #4276
4313,Over-the-Fence Shot,0.0777,Satoshe Slugger #4314
4355,Over-the-Fence Shot,0.0777,Satoshe Slugger #4356
4464,Over-the-Fence Shot,0.0777,Satoshe Slugger #4465
4518,Over-the-Fence Shot,0.0777,Satoshe Slugger #4519
4609,Over-the-Fence Shot,0.0777,Satoshe Slugger #4610
4666,Over-the-Fence Shot,0.0777,Satoshe Slugger #4667
4714,Over-the-Fence Shot,0.0777,Satoshe Slugger #4715
4763,Over-the-Fence Shot,0.0777,Satoshe Slugger #4764
4829,Over-the-Fence Shot,0.0777,Satoshe Slugger #4830
4861,Over-the-Fence Shot,0.0777,Satoshe Slugger #4862
4969,Over-the-Fence Shot,0.0777,Satoshe Slugger #4970
5166,Over-the-Fence Shot,0.0777,Satoshe Slugger #5167
5185,Over-the-Fence Shot,0.0777,Satoshe Slugger #5186
5268,Over-the-Fence Shot,0.0777,Satoshe Slugger #5269
5274,Over-the-Fence Shot,0.0777,Satoshe Slugger #5275
5287,Over-the-Fence Shot,0.0777,Satoshe Slugger #5288
5304,Over-the-Fence Shot,0.0777,Satoshe Slugger #5305
5305,Over-the-Fence Shot,0.0777,Satoshe Slugger #5306
5312,Over-the-Fence Shot,0.0777,Satoshe Slugger #5313
5382,Over-the-Fence Shot,0.0777,Satoshe Slugger #5383
5430,Over-the-Fence Shot,0.0777,Satoshe Slugger #5431
5444,Over-the-Fence Shot,0.0777,Satoshe Slugger #5445
5493,Over-the-Fence Shot,0.0777,Satoshe Slugger #5494
5511,Over-the-Fence Shot,0.0777,Satoshe Slugger #5512
5514,Over-the-Fence Shot,0.0777,Satoshe Slugger #5515
5543,Over-the-Fence Shot,0.0777,Satoshe Slugger #5544
5574,Over-the-Fence Shot,0.0777,Satoshe Slugger #5575
5672,Over-the-Fence Shot,0.0777,Satoshe Slugger #5673
5791,Over-the-Fence Shot,0.0777,Satoshe Slugger #5792
5990,Over-the-Fence Shot,0.0777,Satoshe Slugger #5991
5991,Over-the-Fence Shot,0.0777,Satoshe Slugger #5992
6066,Over-the-Fence Shot,0.0777,Satoshe Slugger #6067
6219,Over-the-Fence Shot,0.0777,Satoshe Slugger #6220
6240,Over-the-Fence Shot,0.0777,Satoshe Slugger #6241
6259,Over-the-Fence Shot,0.0777,Satoshe Slugger #6260
6260,Over-the-Fence Shot,0.0777,Satoshe Slugger #6261
6277,Over-the-Fence Shot,0.0777,Satoshe Slugger #6278
6295,Over-the-Fence Shot,0.0777,Satoshe Slugger #6296
6322,Over-the-Fence Shot,0.0777,Satoshe Slugger #6323
6399,Over-the-Fence Shot,0.0777,Satoshe Slugger #6400
6455,Over-the-Fence Shot,0.0777,Satoshe Slugger #6456
6486,Over-the-Fence Shot,0.0777,Satoshe Slugger #6487
6547,Over-the-Fence Shot,0.0777,Satoshe Slugger #6548
6807,Over-the-Fence Shot,0.0777,Satoshe Slugger #6808
6827,Over-the-Fence Shot,0.0777,Satoshe Slugger #6828
6991,Over-the-Fence Shot,0.0777,Satoshe Slugger #6992
7226,Over-the-Fence Shot,0.0777,Satoshe Slugger #7227
7288,Over-the-Fence Shot,0.0777,Satoshe Slugger #7289
7353,Over-the-Fence Shot,0.0777,Satoshe Slugger #7354
7397,Over-the-Fence Shot,0.0777,Satoshe Slugger #7398
7459,Over-the-Fence Shot,0.0777,Satoshe Slugger #7460
7475,Over-the-Fence Shot,0.0777,Satoshe Slugger #7476
7634,Over-the-Fence Shot,0.0777,Satoshe Slugger #7635
7653,Over-the-Fence Shot,0.0777,Satoshe Slugger #7654
7728,Over-the-Fence Shot,0.0777,Satoshe Slugger #7729
880,Home Run,0.333,Satoshe Slugger #881
882,Home Run,0.333,Satoshe Slugger #883
880,Home Run,0.333,Satoshe Slugger #881
882,Home Run,0.333,Satoshe Slugger #883
902,Home Run,0.333,Satoshe Slugger #903
919,Home Run,0.333,Satoshe Slugger #920
934,Home Run,0.333,Satoshe Slugger #935
937,Home Run,0.333,Satoshe Slugger #938
940,Home Run,0.333,Satoshe Slugger #941
945,Home Run,0.333,Satoshe Slugger #946
958,Home Run,0.333,Satoshe Slugger #959
959,Home Run,0.333,Satoshe Slugger #960
969,Home Run,0.333,Satoshe Slugger #970
992,Home Run,0.333,Satoshe Slugger #993
1020,Home Run,0.333,Satoshe Slugger #1021
1037,Home Run,0.333,Satoshe Slugger #1038
1038,Home Run,0.333,Satoshe Slugger #1039
1054,Home Run,0.333,Satoshe Slugger #1055
1072,Home Run,0.333,Satoshe Slugger #1073
1090,Home Run,0.333,Satoshe Slugger #1091
1104,Home Run,0.333,Satoshe Slugger #1105
1108,Home Run,0.333,Satoshe Slugger #1109
1109,Home Run,0.333,Satoshe Slugger #1110
1113,Home Run,0.333,Satoshe Slugger #1114
1119,Home Run,0.333,Satoshe Slugger #1120
1132,Home Run,0.333,Satoshe Slugger #1133
1135,Home Run,0.333,Satoshe Slugger #1136
1193,Home Run,0.333,Satoshe Slugger #1194
1211,Home Run,0.333,Satoshe Slugger #1212
1216,Home Run,0.333,Satoshe Slugger #1217
1245,Home Run,0.333,Satoshe Slugger #1246
1253,Home Run,0.333,Satoshe Slugger #1254
1256,Home Run,0.333,Satoshe Slugger #1257
1260,Home Run,0.333,Satoshe Slugger #1261
1271,Home Run,0.333,Satoshe Slugger #1272
1291,Home Run,0.333,Satoshe Slugger #1292
1301,Home Run,0.333,Satoshe Slugger #1302
1310,Home Run,0.333,Satoshe Slugger #1311
1311,Home Run,0.333,Satoshe Slugger #1312
1332,Home Run,0.333,Satoshe Slugger #1333
1336,Home Run,0.333,Satoshe Slugger #1337
1352,Home Run,0.333,Satoshe Slugger #1353
1404,Home Run,0.333,Satoshe Slugger #1405
1437,Home Run,0.333,Satoshe Slugger #1438
1467,Home Run,0.333,Satoshe Slugger #1468
1494,Home Run,0.333,Satoshe Slugger #1495
1495,Home Run,0.333,Satoshe Slugger #1496
1497,Home Run,0.333,Satoshe Slugger #1498
1514,Home Run,0.333,Satoshe Slugger #1515
1533,Home Run,0.333,Satoshe Slugger #1534
1538,Home Run,0.333,Satoshe Slugger #1539
1560,Home Run,0.333,Satoshe Slugger #1561
1597,Home Run,0.333,Satoshe Slugger #1598
1599,Home Run,0.333,Satoshe Slugger #1600
1611,Home Run,0.333,Satoshe Slugger #1612
1614,Home Run,0.333,Satoshe Slugger #1615
1615,Home Run,0.333,Satoshe Slugger #1616
1637,Home Run,0.333,Satoshe Slugger #1638
1651,Home Run,0.333,Satoshe Slugger #1652
1652,Home Run,0.333,Satoshe Slugger #1653
1659,Home Run,0.333,Satoshe Slugger #1660
1669,Home Run,0.333,Satoshe Slugger #1670
1672,Home Run,0.333,Satoshe Slugger #1673
1683,Home Run,0.333,Satoshe Slugger #1684
1694,Home Run,0.333,Satoshe Slugger #1695
1696,Home Run,0.333,Satoshe Slugger #1697
1700,Home Run,0.333,Satoshe Slugger #1701
1708,Home Run,0.333,Satoshe Slugger #1709
1712,Home Run,0.333,Satoshe Slugger #1713
1732,Home Run,0.333,Satoshe Slugger #1733
1750,Home Run,0.333,Satoshe Slugger #1751
1755,Home Run,0.333,Satoshe Slugger #1756
1803,Home Run,0.333,Satoshe Slugger #1804
1811,Home Run,0.333,Satoshe Slugger #1812
1837,Home Run,0.333,Satoshe Slugger #1838
1838,Home Run,0.333,Satoshe Slugger #1839
1849,Home Run,0.333,Satoshe Slugger #1850
1859,Home Run,0.333,Satoshe Slugger #1860
1873,Home Run,0.333,Satoshe Slugger #1874
1902,Home Run,0.333,Satoshe Slugger #1903
1932,Home Run,0.333,Satoshe Slugger #1933
1937,Home Run,0.333,Satoshe Slugger #1938
1938,Home Run,0.333,Satoshe Slugger #1939
1939,Home Run,0.333,Satoshe Slugger #1940
1980,Home Run,0.333,Satoshe Slugger #1981
1990,Home Run,0.333,Satoshe Slugger #1991
1999,Home Run,0.333,Satoshe Slugger #2000
2018,Home Run,0.333,Satoshe Slugger #2019
2057,Home Run,0.333,Satoshe Slugger #2058
2074,Home Run,0.333,Satoshe Slugger #2075
2076,Home Run,0.333,Satoshe Slugger #2077
2103,Home Run,0.333,Satoshe Slugger #2104
2108,Home Run,0.333,Satoshe Slugger #2109
2111,Home Run,0.333,Satoshe Slugger #2112
2132,Home Run,0.333,Satoshe Slugger #2133
2145,Home Run,0.333,Satoshe Slugger #2146
2149,Home Run,0.333,Satoshe Slugger #2150
2158,Home Run,0.333,Satoshe Slugger #2159
2161,Home Run,0.333,Satoshe Slugger #2162
2177,Home Run,0.333,Satoshe Slugger #2178
2183,Home Run,0.333,Satoshe Slugger #2184
2185,Home Run,0.333,Satoshe Slugger #2186
2237,Home Run,0.333,Satoshe Slugger #2238
2245,Home Run,0.333,Satoshe Slugger #2246
2258,Home Run,0.333,Satoshe Slugger #2259
2270,Home Run,0.333,Satoshe Slugger #2271
2294,Home Run,0.333,Satoshe Slugger #2295
2335,Home Run,0.333,Satoshe Slugger #2336
2350,Home Run,0.333,Satoshe Slugger #2351
2351,Home Run,0.333,Satoshe Slugger #2352
2355,Home Run,0.333,Satoshe Slugger #2356
2365,Home Run,0.333,Satoshe Slugger #2366
2389,Home Run,0.333,Satoshe Slugger #2390
2393,Home Run,0.333,Satoshe Slugger #2394
2410,Home Run,0.333,Satoshe Slugger #2411
2413,Home Run,0.333,Satoshe Slugger #2414
2421,Home Run,0.333,Satoshe Slugger #2422
2422,Home Run,0.333,Satoshe Slugger #2423
2424,Home Run,0.333,Satoshe Slugger #2425
2427,Home Run,0.333,Satoshe Slugger #2428
2448,Home Run,0.333,Satoshe Slugger #2449
2463,Home Run,0.333,Satoshe Slugger #2464
2490,Home Run,0.333,Satoshe Slugger #2491
2493,Home Run,0.333,Satoshe Slugger #2494
2495,Home Run,0.333,Satoshe Slugger #2496
2503,Home Run,0.333,Satoshe Slugger #2504
2507,Home Run,0.333,Satoshe Slugger #2508
2513,Home Run,0.333,Satoshe Slugger #2514
2545,Home Run,0.333,Satoshe Slugger #2546
2546,Home Run,0.333,Satoshe Slugger #2547
2559,Home Run,0.333,Satoshe Slugger #2560
2574,Home Run,0.333,Satoshe Slugger #2575
2592,Home Run,0.333,Satoshe Slugger #2593
2606,Home Run,0.333,Satoshe Slugger #2607
2631,Home Run,0.333,Satoshe Slugger #2632
2636,Home Run,0.333,Satoshe Slugger #2637
2640,Home Run,0.333,Satoshe Slugger #2641
2683,Home Run,0.333,Satoshe Slugger #2684
2687,Home Run,0.333,Satoshe Slugger #2688
2698,Home Run,0.333,Satoshe Slugger #2699
2710,Home Run,0.333,Satoshe Slugger #2711
2713,Home Run,0.333,Satoshe Slugger #2714
2734,Home Run,0.333,Satoshe Slugger #2735
2743,Home Run,0.333,Satoshe Slugger #2744
2750,Home Run,0.333,Satoshe Slugger #2751
2760,Home Run,0.333,Satoshe Slugger #2761
2764,Home Run,0.333,Satoshe Slugger #2765
2771,Home Run,0.333,Satoshe Slugger #2772
2773,Home Run,0.333,Satoshe Slugger #2774
2783,Home Run,0.333,Satoshe Slugger #2784
2784,Home Run,0.333,Satoshe Slugger #2785
2799,Home Run,0.333,Satoshe Slugger #2800
2835,Home Run,0.333,Satoshe Slugger #2836
2838,Home Run,0.333,Satoshe Slugger #2839
2856,Home Run,0.333,Satoshe Slugger #2857
2885,Home Run,0.333,Satoshe Slugger #2886
2907,Home Run,0.333,Satoshe Slugger #2908
2915,Home Run,0.333,Satoshe Slugger #2916
2919,Home Run,0.333,Satoshe Slugger #2920
2957,Home Run,0.333,Satoshe Slugger #2958
2967,Home Run,0.333,Satoshe Slugger #2968
2992,Home Run,0.333,Satoshe Slugger #2993
2996,Home Run,0.333,Satoshe Slugger #2997
3006,Home Run,0.333,Satoshe Slugger #3007
3018,Home Run,0.333,Satoshe Slugger #3019
3023,Home Run,0.333,Satoshe Slugger #3024
3038,Home Run,0.333,Satoshe Slugger #3039
3049,Home Run,0.333,Satoshe Slugger #3050
3056,Home Run,0.333,Satoshe Slugger #3057
3057,Home Run,0.333,Satoshe Slugger #3058
3070,Home Run,0.333,Satoshe Slugger #3071
3099,Home Run,0.333,Satoshe Slugger #3100
3106,Home Run,0.333,Satoshe Slugger #3107
3131,Home Run,0.333,Satoshe Slugger #3132
3142,Home Run,0.333,Satoshe Slugger #3143
3148,Home Run,0.333,Satoshe Slugger #3149
3191,Home Run,0.333,Satoshe Slugger #3192
3195,Home Run,0.333,Satoshe Slugger #3196
3197,Home Run,0.333,Satoshe Slugger #3198
3207,Home Run,0.333,Satoshe Slugger #3208
3254,Home Run,0.333,Satoshe Slugger #3255
3256,Home Run,0.333,Satoshe Slugger #3257
3309,Home Run,0.333,Satoshe Slugger #3310
3311,Home Run,0.333,Satoshe Slugger #3312
3360,Home Run,0.333,Satoshe Slugger #3361
3362,Home Run,0.333,Satoshe Slugger #3363
3371,Home Run,0.333,Satoshe Slugger #3372
3400,Home Run,0.333,Satoshe Slugger #3401
3422,Home Run,0.333,Satoshe Slugger #3423
3429,Home Run,0.333,Satoshe Slugger #3430
3435,Home Run,0.333,Satoshe Slugger #3436
3447,Home Run,0.333,Satoshe Slugger #3448
3489,Home Run,0.333,Satoshe Slugger #3490
3531,Home Run,0.333,Satoshe Slugger #3532
3549,Home Run,0.333,Satoshe Slugger #3550
3570,Home Run,0.333,Satoshe Slugger #3571
3606,Home Run,0.333,Satoshe Slugger #3607
3609,Home Run,0.333,Satoshe Slugger #3610
3612,Home Run,0.333,Satoshe Slugger #3613
3620,Home Run,0.333,Satoshe Slugger #3621
3622,Home Run,0.333,Satoshe Slugger #3623
3641,Home Run,0.333,Satoshe Slugger #3642
3692,Home Run,0.333,Satoshe Slugger #3693
3702,Home Run,0.333,Satoshe Slugger #3703
3713,Home Run,0.333,Satoshe Slugger #3714
3765,Home Run,0.333,Satoshe Slugger #3766
3767,Home Run,0.333,Satoshe Slugger #3768
3786,Home Run,0.333,Satoshe Slugger #3787
3800,Home Run,0.333,Satoshe Slugger #3801
3811,Home Run,0.333,Satoshe Slugger #3812
3821,Home Run,0.333,Satoshe Slugger #3822
3839,Home Run,0.333,Satoshe Slugger #3840
3849,Home Run,0.333,Satoshe Slugger #3850
3870,Home Run,0.333,Satoshe Slugger #3871
3880,Home Run,0.333,Satoshe Slugger #3881
3886,Home Run,0.333,Satoshe Slugger #3887
3905,Home Run,0.333,Satoshe Slugger #3906
3918,Home Run,0.333,Satoshe Slugger #3919
3927,Home Run,0.333,Satoshe Slugger #3928
3973,Home Run,0.333,Satoshe Slugger #3974
3974,Home Run,0.333,Satoshe Slugger #3975
3983,Home Run,0.333,Satoshe Slugger #3984
3991,Home Run,0.333,Satoshe Slugger #3992
3993,Home Run,0.333,Satoshe Slugger #3994
4010,Home Run,0.333,Satoshe Slugger #4011
4025,Home Run,0.333,Satoshe Slugger #4026
4051,Home Run,0.333,Satoshe Slugger #4052
4089,Home Run,0.333,Satoshe Slugger #4090
4101,Home Run,0.333,Satoshe Slugger #4102
4107,Home Run,0.333,Satoshe Slugger #4108
4123,Home Run,0.333,Satoshe Slugger #4124
4130,Home Run,0.333,Satoshe Slugger #4131
4136,Home Run,0.333,Satoshe Slugger #4137
4153,Home Run,0.333,Satoshe Slugger #4154
4156,Home Run,0.333,Satoshe Slugger #4157
4169,Home Run,0.333,Satoshe Slugger #4170
4174,Home Run,0.333,Satoshe Slugger #4175
4184,Home Run,0.333,Satoshe Slugger #4185
4186,Home Run,0.333,Satoshe Slugger #4187
4192,Home Run,0.333,Satoshe Slugger #4193
4225,Home Run,0.333,Satoshe Slugger #4226
4229,Home Run,0.333,Satoshe Slugger #4230
4270,Home Run,0.333,Satoshe Slugger #4271
4273,Home Run,0.333,Satoshe Slugger #4274
4277,Home Run,0.333,Satoshe Slugger #4278
4285,Home Run,0.333,Satoshe Slugger #4286
4325,Home Run,0.333,Satoshe Slugger #4326
4342,Home Run,0.333,Satoshe Slugger #4343
4357,Home Run,0.333,Satoshe Slugger #4358
4365,Home Run,0.333,Satoshe Slugger #4366
4370,Home Run,0.333,Satoshe Slugger #4371
4371,Home Run,0.333,Satoshe Slugger #4372
4375,Home Run,0.333,Satoshe Slugger #4376
4382,Home Run,0.333,Satoshe Slugger #4383
4386,Home Run,0.333,Satoshe Slugger #4387
4408,Home Run,0.333,Satoshe Slugger #4409
4428,Home Run,0.333,Satoshe Slugger #4429
4500,Home Run,0.333,Satoshe Slugger #4501
4502,Home Run,0.333,Satoshe Slugger #4503
4517,Home Run,0.333,Satoshe Slugger #4518
4523,Home Run,0.333,Satoshe Slugger #4524
4534,Home Run,0.333,Satoshe Slugger #4535
4536,Home Run,0.333,Satoshe Slugger #4537
4543,Home Run,0.333,Satoshe Slugger #4544
4559,Home Run,0.333,Satoshe Slugger #4560
4582,Home Run,0.333,Satoshe Slugger #4583
4611,Home Run,0.333,Satoshe Slugger #4612
4623,Home Run,0.333,Satoshe Slugger #4624
4642,Home Run,0.333,Satoshe Slugger #4643
4645,Home Run,0.333,Satoshe Slugger #4646
4652,Home Run,0.333,Satoshe Slugger #4653
4663,Home Run,0.333,Satoshe Slugger #4664
4670,Home Run,0.333,Satoshe Slugger #4671
4701,Home Run,0.333,Satoshe Slugger #4702
4709,Home Run,0.333,Satoshe Slugger #4710
4710,Home Run,0.333,Satoshe Slugger #4711
4722,Home Run,0.333,Satoshe Slugger #4723
4727,Home Run,0.333,Satoshe Slugger #4728
4734,Home Run,0.333,Satoshe Slugger #4735
4757,Home Run,0.333,Satoshe Slugger #4758
4775,Home Run,0.333,Satoshe Slugger #4776
4811,Home Run,0.333,Satoshe Slugger #4812
4812,Home Run,0.333,Satoshe Slugger #4813
4822,Home Run,0.333,Satoshe Slugger #4823
4836,Home Run,0.333,Satoshe Slugger #4837
4838,Home Run,0.333,Satoshe Slugger #4839
4874,Home Run,0.333,Satoshe Slugger #4875
4879,Home Run,0.333,Satoshe Slugger #4880
4901,Home Run,0.333,Satoshe Slugger #4902
4913,Home Run,0.333,Satoshe Slugger #4914
4916,Home Run,0.333,Satoshe Slugger #4917
4921,Home Run,0.333,Satoshe Slugger #4922
4926,Home Run,0.333,Satoshe Slugger #4927
4937,Home Run,0.333,Satoshe Slugger #4938
4938,Home Run,0.333,Satoshe Slugger #4939
4946,Home Run,0.333,Satoshe Slugger #4947
4961,Home Run,0.333,Satoshe Slugger #4962
4965,Home Run,0.333,Satoshe Slugger #4966
4968,Home Run,0.333,Satoshe Slugger #4969
4976,Home Run,0.333,Satoshe Slugger #4977
5037,Home Run,0.333,Satoshe Slugger #5038
5074,Home Run,0.333,Satoshe Slugger #5075
5084,Home Run,0.333,Satoshe Slugger #5085
5091,Home Run,0.333,Satoshe Slugger #5092
5094,Home Run,0.333,Satoshe Slugger #5095
5120,Home Run,0.333,Satoshe Slugger #5121
5131,Home Run,0.333,Satoshe Slugger #5132
5138,Home Run,0.333,Satoshe Slugger #5139
5187,Home Run,0.333,Satoshe Slugger #5188
5208,Home Run,0.333,Satoshe Slugger #5209
5220,Home Run,0.333,Satoshe Slugger #5221
5237,Home Run,0.333,Satoshe Slugger #5238
5247,Home Run,0.333,Satoshe Slugger #5248
5254,Home Run,0.333,Satoshe Slugger #5255
5364,Home Run,0.333,Satoshe Slugger #5365
5396,Home Run,0.333,Satoshe Slugger #5397
5413,Home Run,0.333,Satoshe Slugger #5414
5432,Home Run,0.333,Satoshe Slugger #5433
5436,Home Run,0.333,Satoshe Slugger #5437
5454,Home Run,0.333,Satoshe Slugger #5455
5545,Home Run,0.333,Satoshe Slugger #5546
5547,Home Run,0.333,Satoshe Slugger #5548
5584,Home Run,0.333,Satoshe Slugger #5585
5594,Home Run,0.333,Satoshe Slugger #5595
5652,Home Run,0.333,Satoshe Slugger #5653
5668,Home Run,0.333,Satoshe Slugger #5669
5701,Home Run,0.333,Satoshe Slugger #5702
5710,Home Run,0.333,Satoshe Slugger #5711
5715,Home Run,0.333,Satoshe Slugger #5716
5719,Home Run,0.333,Satoshe Slugger #5720
5722,Home Run,0.333,Satoshe Slugger #5723
5748,Home Run,0.333,Satoshe Slugger #5749
5757,Home Run,0.333,Satoshe Slugger #5758
5784,Home Run,0.333,Satoshe Slugger #5785
5795,Home Run,0.333,Satoshe Slugger #5796
5812,Home Run,0.333,Satoshe Slugger #5813
5820,Home Run,0.333,Satoshe Slugger #5821
5823,Home Run,0.333,Satoshe Slugger #5824
5838,Home Run,0.333,Satoshe Slugger #5839
5850,Home Run,0.333,Satoshe Slugger #5851
5865,Home Run,0.333,Satoshe Slugger #5866
5867,Home Run,0.333,Satoshe Slugger #5868
5871,Home Run,0.333,Satoshe Slugger #5872
5876,Home Run,0.333,Satoshe Slugger #5877
5884,Home Run,0.333,Satoshe Slugger #5885
5885,Home Run,0.333,Satoshe Slugger #5886
5890,Home Run,0.333,Satoshe Slugger #5891
5907,Home Run,0.333,Satoshe Slugger #5908
5908,Home Run,0.333,Satoshe Slugger #5909
5912,Home Run,0.333,Satoshe Slugger #5913
5913,Home Run,0.333,Satoshe Slugger #5914
5915,Home Run,0.333,Satoshe Slugger #5916
5916,Home Run,0.333,Satoshe Slugger #5917
5928,Home Run,0.333,Satoshe Slugger #5929
5930,Home Run,0.333,Satoshe Slugger #5931
5945,Home Run,0.333,Satoshe Slugger #5946
5950,Home Run,0.333,Satoshe Slugger #5951
5981,Home Run,0.333,Satoshe Slugger #5982
6028,Home Run,0.333,Satoshe Slugger #6029
6045,Home Run,0.333,Satoshe Slugger #6046
6089,Home Run,0.333,Satoshe Slugger #6090
6099,Home Run,0.333,Satoshe Slugger #6100
6129,Home Run,0.333,Satoshe Slugger #6130
6133,Home Run,0.333,Satoshe Slugger #6134
6190,Home Run,0.333,Satoshe Slugger #6191
6229,Home Run,0.333,Satoshe Slugger #6230
6230,Home Run,0.333,Satoshe Slugger #6231
6231,Home Run,0.333,Satoshe Slugger #6232
6248,Home Run,0.333,Satoshe Slugger #6249
6284,Home Run,0.333,Satoshe Slugger #6285
6294,Home Run,0.333,Satoshe Slugger #6295
6300,Home Run,0.333,Satoshe Slugger #6301
6315,Home Run,0.333,Satoshe Slugger #6316
6316,Home Run,0.333,Satoshe Slugger #6317
6326,Home Run,0.333,Satoshe Slugger #6327
6329,Home Run,0.333,Satoshe Slugger #6330
6333,Home Run,0.333,Satoshe Slugger #6334
6340,Home Run,0.333,Satoshe Slugger #6341
6347,Home Run,0.333,Satoshe Slugger #6348
6354,Home Run,0.333,Satoshe Slugger #6355
6356,Home Run,0.333,Satoshe Slugger #6357
6384,Home Run,0.333,Satoshe Slugger #6385
6385,Home Run,0.333,Satoshe Slugger #6386
6401,Home Run,0.333,Satoshe Slugger #6402
6414,Home Run,0.333,Satoshe Slugger #6415
6416,Home Run,0.333,Satoshe Slugger #6417
6417,Home Run,0.333,Satoshe Slugger #6418
6432,Home Run,0.333,Satoshe Slugger #6433
6438,Home Run,0.333,Satoshe Slugger #6439
6451,Home Run,0.333,Satoshe Slugger #6452
6459,Home Run,0.333,Satoshe Slugger #6460
6482,Home Run,0.333,Satoshe Slugger #6483
6485,Home Run,0.333,Satoshe Slugger #6486
6487,Home Run,0.333,Satoshe Slugger #6488
6495,Home Run,0.333,Satoshe Slugger #6496
6501,Home Run,0.333,Satoshe Slugger #6502
6516,Home Run,0.333,Satoshe Slugger #6517
6533,Home Run,0.333,Satoshe Slugger #6534
6534,Home Run,0.333,Satoshe Slugger #6535
6567,Home Run,0.333,Satoshe Slugger #6568
6579,Home Run,0.333,Satoshe Slugger #6580
6591,Home Run,0.333,Satoshe Slugger #6592
6611,Home Run,0.333,Satoshe Slugger #6612
6636,Home Run,0.333,Satoshe Slugger #6637
6652,Home Run,0.333,Satoshe Slugger #6653
6666,Home Run,0.333,Satoshe Slugger #6667
6679,Home Run,0.333,Satoshe Slugger #6680
6691,Home Run,0.333,Satoshe Slugger #6692
6732,Home Run,0.333,Satoshe Slugger #6733
6738,Home Run,0.333,Satoshe Slugger #6739
6745,Home Run,0.333,Satoshe Slugger #6746
6747,Home Run,0.333,Satoshe Slugger #6748
6766,Home Run,0.333,Satoshe Slugger #6767
6773,Home Run,0.333,Satoshe Slugger #6774
6789,Home Run,0.333,Satoshe Slugger #6790
6793,Home Run,0.333,Satoshe Slugger #6794
6802,Home Run,0.333,Satoshe Slugger #6803
6829,Home Run,0.333,Satoshe Slugger #6830
6833,Home Run,0.333,Satoshe Slugger #6834
6844,Home Run,0.333,Satoshe Slugger #6845
6850,Home Run,0.333,Satoshe Slugger #6851
6853,Home Run,0.333,Satoshe Slugger #6854
6862,Home Run,0.333,Satoshe Slugger #6863
6864,Home Run,0.333,Satoshe Slugger #6865
6873,Home Run,0.333,Satoshe Slugger #6874
6889,Home Run,0.333,Satoshe Slugger #6890
6894,Home Run,0.333,Satoshe Slugger #6895
6905,Home Run,0.333,Satoshe Slugger #6906
6943,Home Run,0.333,Satoshe Slugger #6944
6958,Home Run,0.333,Satoshe Slugger #6959
6960,Home Run,0.333,Satoshe Slugger #6961
7002,Home Run,0.333,Satoshe Slugger #7003
7031,Home Run,0.333,Satoshe Slugger #7032
7037,Home Run,0.333,Satoshe Slugger #7038
7131,Home Run,0.333,Satoshe Slugger #7132
7138,Home Run,0.333,Satoshe Slugger #7139
7142,Home Run,0.333,Satoshe Slugger #7143
7144,Home Run,0.333,Satoshe Slugger #7145
7174,Home Run,0.333,Satoshe Slugger #7175
7182,Home Run,0.333,Satoshe Slugger #7183
7184,Home Run,0.333,Satoshe Slugger #7185
7192,Home Run,0.333,Satoshe Slugger #7193
7193,Home Run,0.333,Satoshe Slugger #7194
7201,Home Run,0.333,Satoshe Slugger #7202
7215,Home Run,0.333,Satoshe Slugger #7216
7221,Home Run,0.333,Satoshe Slugger #7222
7228,Home Run,0.333,Satoshe Slugger #7229
7236,Home Run,0.333,Satoshe Slugger #7237
7241,Home Run,0.333,Satoshe Slugger #7242
7257,Home Run,0.333,Satoshe Slugger #7258
7286,Home Run,0.333,Satoshe Slugger #7287
7289,Home Run,0.333,Satoshe Slugger #7290
7294,Home Run,0.333,Satoshe Slugger #7295
7304,Home Run,0.333,Satoshe Slugger #7305
7327,Home Run,0.333,Satoshe Slugger #7328
7339,Home Run,0.333,Satoshe Slugger #7340
7352,Home Run,0.333,Satoshe Slugger #7353
7369,Home Run,0.333,Satoshe Slugger #7370
7377,Home Run,0.333,Satoshe Slugger #7378
7385,Home Run,0.333,Satoshe Slugger #7386
7393,Home Run,0.333,Satoshe Slugger #7394
7419,Home Run,0.333,Satoshe Slugger #7420
7436,Home Run,0.333,Satoshe Slugger #7437
7450,Home Run,0.333,Satoshe Slugger #7451
7481,Home Run,0.333,Satoshe Slugger #7482
7486,Home Run,0.333,Satoshe Slugger #7487
7506,Home Run,0.333,Satoshe Slugger #7507
7516,Home Run,0.333,Satoshe Slugger #7517
7531,Home Run,0.333,Satoshe Slugger #7532
7557,Home Run,0.333,Satoshe Slugger #7558
7614,Home Run,0.333,Satoshe Slugger #7615
7625,Home Run,0.333,Satoshe Slugger #7626
7630,Home Run,0.333,Satoshe Slugger #7631
7652,Home Run,0.333,Satoshe Slugger #7653
7657,Home Run,0.333,Satoshe Slugger #7658
7668,Home Run,0.333,Satoshe Slugger #7669
7670,Home Run,0.333,Satoshe Slugger #7671
7680,Home Run,0.333,Satoshe Slugger #7681
7695,Home Run,0.333,Satoshe Slugger #7696
7718,Home Run,0.333,Satoshe Slugger #7719
7764,Home Run,0.333,Satoshe Slugger #7765
7765,Home Run,0.333,Satoshe Slugger #7766
7768,Home Run,0.333,Satoshe Slugger #7769
885,Stand-Up Double,0.00777,Satoshe Slugger #886
892,Stand-Up Double,0.00777,Satoshe Slugger #893
885,Stand-Up Double,0.00777,Satoshe Slugger #886
892,Stand-Up Double,0.00777,Satoshe Slugger #893
906,Stand-Up Double,0.00777,Satoshe Slugger #907
917,Stand-Up Double,0.00777,Satoshe Slugger #918
1010,Stand-Up Double,0.00777,Satoshe Slugger #1011
1016,Stand-Up Double,0.00777,Satoshe Slugger #1017
1032,Stand-Up Double,0.00777,Satoshe Slugger #1033
1091,Stand-Up Double,0.00777,Satoshe Slugger #1092
1159,Stand-Up Double,0.00777,Satoshe Slugger #1160
1164,Stand-Up Double,0.00777,Satoshe Slugger #1165
1171,Stand-Up Double,0.00777,Satoshe Slugger #1172
1173,Stand-Up Double,0.00777,Satoshe Slugger #1174
1213,Stand-Up Double,0.00777,Satoshe Slugger #1214
1318,Stand-Up Double,0.00777,Satoshe Slugger #1319
1319,Stand-Up Double,0.00777,Satoshe Slugger #1320
1393,Stand-Up Double,0.00777,Satoshe Slugger #1394
1432,Stand-Up Double,0.00777,Satoshe Slugger #1433
1434,Stand-Up Double,0.00777,Satoshe Slugger #1435
1549,Stand-Up Double,0.00777,Satoshe Slugger #1550
1914,Stand-Up Double,0.00777,Satoshe Slugger #1915
1922,Stand-Up Double,0.00777,Satoshe Slugger #1923
1952,Stand-Up Double,0.00777,Satoshe Slugger #1953
1993,Stand-Up Double,0.00777,Satoshe Slugger #1994
2101,Stand-Up Double,0.00777,Satoshe Slugger #2102
2130,Stand-Up Double,0.00777,Satoshe Slugger #2131
2187,Stand-Up Double,0.00777,Satoshe Slugger #2188
2194,Stand-Up Double,0.00777,Satoshe Slugger #2195
2290,Stand-Up Double,0.00777,Satoshe Slugger #2291
2299,Stand-Up Double,0.00777,Satoshe Slugger #2300
2304,Stand-Up Double,0.00777,Satoshe Slugger #2305
2310,Stand-Up Double,0.00777,Satoshe Slugger #2311
2381,Stand-Up Double,0.00777,Satoshe Slugger #2382
2383,Stand-Up Double,0.00777,Satoshe Slugger #2384
2467,Stand-Up Double,0.00777,Satoshe Slugger #2468
2511,Stand-Up Double,0.00777,Satoshe Slugger #2512
2520,Stand-Up Double,0.00777,Satoshe Slugger #2521
2539,Stand-Up Double,0.00777,Satoshe Slugger #2540
2548,Stand-Up Double,0.00777,Satoshe Slugger #2549
2577,Stand-Up Double,0.00777,Satoshe Slugger #2578
2649,Stand-Up Double,0.00777,Satoshe Slugger #2650
2693,Stand-Up Double,0.00777,Satoshe Slugger #2694
2736,Stand-Up Double,0.00777,Satoshe Slugger #2737
2738,Stand-Up Double,0.00777,Satoshe Slugger #2739
2748,Stand-Up Double,0.00777,Satoshe Slugger #2749
2751,Stand-Up Double,0.00777,Satoshe Slugger #2752
2791,Stand-Up Double,0.00777,Satoshe Slugger #2792
2793,Stand-Up Double,0.00777,Satoshe Slugger #2794
2798,Stand-Up Double,0.00777,Satoshe Slugger #2799
2802,Stand-Up Double,0.00777,Satoshe Slugger #2803
2858,Stand-Up Double,0.00777,Satoshe Slugger #2859
2892,Stand-Up Double,0.00777,Satoshe Slugger #2893
2897,Stand-Up Double,0.00777,Satoshe Slugger #2898
2954,Stand-Up Double,0.00777,Satoshe Slugger #2955
2965,Stand-Up Double,0.00777,Satoshe Slugger #2966
2980,Stand-Up Double,0.00777,Satoshe Slugger #2981
3025,Stand-Up Double,0.00777,Satoshe Slugger #3026
3026,Stand-Up Double,0.00777,Satoshe Slugger #3027
3047,Stand-Up Double,0.00777,Satoshe Slugger #3048
3048,Stand-Up Double,0.00777,Satoshe Slugger #3049
3163,Stand-Up Double,0.00777,Satoshe Slugger #3164
3180,Stand-Up Double,0.00777,Satoshe Slugger #3181
3183,Stand-Up Double,0.00777,Satoshe Slugger #3184
3217,Stand-Up Double,0.00777,Satoshe Slugger #3218
3258,Stand-Up Double,0.00777,Satoshe Slugger #3259
3325,Stand-Up Double,0.00777,Satoshe Slugger #3326
3335,Stand-Up Double,0.00777,Satoshe Slugger #3336
3372,Stand-Up Double,0.00777,Satoshe Slugger #3373
3386,Stand-Up Double,0.00777,Satoshe Slugger #3387
3408,Stand-Up Double,0.00777,Satoshe Slugger #3409
3550,Stand-Up Double,0.00777,Satoshe Slugger #3551
3582,Stand-Up Double,0.00777,Satoshe Slugger #3583
3591,Stand-Up Double,0.00777,Satoshe Slugger #3592
3637,Stand-Up Double,0.00777,Satoshe Slugger #3638
3661,Stand-Up Double,0.00777,Satoshe Slugger #3662
3690,Stand-Up Double,0.00777,Satoshe Slugger #3691
3717,Stand-Up Double,0.00777,Satoshe Slugger #3718
3759,Stand-Up Double,0.00777,Satoshe Slugger #3760
3857,Stand-Up Double,0.00777,Satoshe Slugger #3858
3878,Stand-Up Double,0.00777,Satoshe Slugger #3879
3906,Stand-Up Double,0.00777,Satoshe Slugger #3907
3914,Stand-Up Double,0.00777,Satoshe Slugger #3915
3953,Stand-Up Double,0.00777,Satoshe Slugger #3954
3990,Stand-Up Double,0.00777,Satoshe Slugger #3991
4014,Stand-Up Double,0.00777,Satoshe Slugger #4015
4126,Stand-Up Double,0.00777,Satoshe Slugger #4127
4137,Stand-Up Double,0.00777,Satoshe Slugger #4138
4159,Stand-Up Double,0.00777,Satoshe Slugger #4160
4176,Stand-Up Double,0.00777,Satoshe Slugger #4177
4197,Stand-Up Double,0.00777,Satoshe Slugger #4198
4213,Stand-Up Double,0.00777,Satoshe Slugger #4214
4358,Stand-Up Double,0.00777,Satoshe Slugger #4359
4455,Stand-Up Double,0.00777,Satoshe Slugger #4456
4568,Stand-Up Double,0.00777,Satoshe Slugger #4569
4576,Stand-Up Double,0.00777,Satoshe Slugger #4577
4654,Stand-Up Double,0.00777,Satoshe Slugger #4655
4656,Stand-Up Double,0.00777,Satoshe Slugger #4657
4724,Stand-Up Double,0.00777,Satoshe Slugger #4725
4839,Stand-Up Double,0.00777,Satoshe Slugger #4840
4860,Stand-Up Double,0.00777,Satoshe Slugger #4861
4880,Stand-Up Double,0.00777,Satoshe Slugger #4881
4884,Stand-Up Double,0.00777,Satoshe Slugger #4885
4893,Stand-Up Double,0.00777,Satoshe Slugger #4894
4928,Stand-Up Double,0.00777,Satoshe Slugger #4929
4951,Stand-Up Double,0.00777,Satoshe Slugger #4952
4959,Stand-Up Double,0.00777,Satoshe Slugger #4960
4991,Stand-Up Double,0.00777,Satoshe Slugger #4992
5063,Stand-Up Double,0.00777,Satoshe Slugger #5064
5114,Stand-Up Double,0.00777,Satoshe Slugger #5115
5188,Stand-Up Double,0.00777,Satoshe Slugger #5189
5198,Stand-Up Double,0.00777,Satoshe Slugger #5199
5204,Stand-Up Double,0.00777,Satoshe Slugger #5205
5253,Stand-Up Double,0.00777,Satoshe Slugger #5254
5262,Stand-Up Double,0.00777,Satoshe Slugger #5263
5345,Stand-Up Double,0.00777,Satoshe Slugger #5346
5359,Stand-Up Double,0.00777,Satoshe Slugger #5360
5371,Stand-Up Double,0.00777,Satoshe Slugger #5372
5421,Stand-Up Double,0.00777,Satoshe Slugger #5422
5423,Stand-Up Double,0.00777,Satoshe Slugger #5424
5461,Stand-Up Double,0.00777,Satoshe Slugger #5462
5491,Stand-Up Double,0.00777,Satoshe Slugger #5492
5549,Stand-Up Double,0.00777,Satoshe Slugger #5550
5595,Stand-Up Double,0.00777,Satoshe Slugger #5596
5600,Stand-Up Double,0.00777,Satoshe Slugger #5601
5709,Stand-Up Double,0.00777,Satoshe Slugger #5710
5765,Stand-Up Double,0.00777,Satoshe Slugger #5766
5771,Stand-Up Double,0.00777,Satoshe Slugger #5772
5781,Stand-Up Double,0.00777,Satoshe Slugger #5782
5837,Stand-Up Double,0.00777,Satoshe Slugger #5838
5848,Stand-Up Double,0.00777,Satoshe Slugger #5849
5985,Stand-Up Double,0.00777,Satoshe Slugger #5986
5988,Stand-Up Double,0.00777,Satoshe Slugger #5989
6022,Stand-Up Double,0.00777,Satoshe Slugger #6023
6035,Stand-Up Double,0.00777,Satoshe Slugger #6036
6058,Stand-Up Double,0.00777,Satoshe Slugger #6059
6072,Stand-Up Double,0.00777,Satoshe Slugger #6073
6161,Stand-Up Double,0.00777,Satoshe Slugger #6162
6186,Stand-Up Double,0.00777,Satoshe Slugger #6187
6217,Stand-Up Double,0.00777,Satoshe Slugger #6218
6281,Stand-Up Double,0.00777,Satoshe Slugger #6282
6391,Stand-Up Double,0.00777,Satoshe Slugger #6392
6479,Stand-Up Double,0.00777,Satoshe Slugger #6480
6519,Stand-Up Double,0.00777,Satoshe Slugger #6520
6539,Stand-Up Double,0.00777,Satoshe Slugger #6540
6554,Stand-Up Double,0.00777,Satoshe Slugger #6555
6566,Stand-Up Double,0.00777,Satoshe Slugger #6567
6595,Stand-Up Double,0.00777,Satoshe Slugger #6596
6622,Stand-Up Double,0.00777,Satoshe Slugger #6623
6650,Stand-Up Double,0.00777,Satoshe Slugger #6651
6664,Stand-Up Double,0.00777,Satoshe Slugger #6665
6712,Stand-Up Double,0.00777,Satoshe Slugger #6713
6799,Stand-Up Double,0.00777,Satoshe Slugger #6800
6843,Stand-Up Double,0.00777,Satoshe Slugger #6844
6851,Stand-Up Double,0.00777,Satoshe Slugger #6852
6946,Stand-Up Double,0.00777,Satoshe Slugger #6947
7022,Stand-Up Double,0.00777,Satoshe Slugger #7023
7033,Stand-Up Double,0.00777,Satoshe Slugger #7034
7038,Stand-Up Double,0.00777,Satoshe Slugger #7039
7196,Stand-Up Double,0.00777,Satoshe Slugger #7197
7253,Stand-Up Double,0.00777,Satoshe Slugger #7254
7303,Stand-Up Double,0.00777,Satoshe Slugger #7304
7328,Stand-Up Double,0.00777,Satoshe Slugger #7329
7383,Stand-Up Double,0.00777,Satoshe Slugger #7384
7422,Stand-Up Double,0.00777,Satoshe Slugger #7423
7508,Stand-Up Double,0.00777,Satoshe Slugger #7509
7520,Stand-Up Double,0.00777,Satoshe Slugger #7521
7562,Stand-Up Double,0.00777,Satoshe Slugger #7563
7633,Stand-Up Double,0.00777,Satoshe Slugger #7634
7688,Stand-Up Double,0.00777,Satoshe Slugger #7689
7699,Stand-Up Double,0.00777,Satoshe Slugger #7700
7723,Stand-Up Double,0.00777,Satoshe Slugger #7724
889,Line Drive,0.00777,Satoshe Slugger #890
889,Line Drive,0.00777,Satoshe Slugger #890
961,Line Drive,0.00777,Satoshe Slugger #962
986,Line Drive,0.00777,Satoshe Slugger #987
997,Line Drive,0.00777,Satoshe Slugger #998
998,Line Drive,0.00777,Satoshe Slugger #999
1028,Line Drive,0.00777,Satoshe Slugger #1029
1192,Line Drive,0.00777,Satoshe Slugger #1193
1265,Line Drive,0.00777,Satoshe Slugger #1266
1266,Line Drive,0.00777,Satoshe Slugger #1267
1320,Line Drive,0.00777,Satoshe Slugger #1321
1346,Line Drive,0.00777,Satoshe Slugger #1347
1369,Line Drive,0.00777,Satoshe Slugger #1370
1389,Line Drive,0.00777,Satoshe Slugger #1390
1551,Line Drive,0.00777,Satoshe Slugger #1552
1604,Line Drive,0.00777,Satoshe Slugger #1605
1610,Line Drive,0.00777,Satoshe Slugger #1611
1686,Line Drive,0.00777,Satoshe Slugger #1687
1782,Line Drive,0.00777,Satoshe Slugger #1783
1784,Line Drive,0.00777,Satoshe Slugger #1785
1817,Line Drive,0.00777,Satoshe Slugger #1818
1826,Line Drive,0.00777,Satoshe Slugger #1827
1911,Line Drive,0.00777,Satoshe Slugger #1912
2061,Line Drive,0.00777,Satoshe Slugger #2062
2075,Line Drive,0.00777,Satoshe Slugger #2076
2079,Line Drive,0.00777,Satoshe Slugger #2080
2094,Line Drive,0.00777,Satoshe Slugger #2095
2253,Line Drive,0.00777,Satoshe Slugger #2254
2305,Line Drive,0.00777,Satoshe Slugger #2306
2356,Line Drive,0.00777,Satoshe Slugger #2357
2420,Line Drive,0.00777,Satoshe Slugger #2421
2496,Line Drive,0.00777,Satoshe Slugger #2497
2517,Line Drive,0.00777,Satoshe Slugger #2518
2528,Line Drive,0.00777,Satoshe Slugger #2529
2549,Line Drive,0.00777,Satoshe Slugger #2550
2672,Line Drive,0.00777,Satoshe Slugger #2673
2676,Line Drive,0.00777,Satoshe Slugger #2677
2692,Line Drive,0.00777,Satoshe Slugger #2693
2720,Line Drive,0.00777,Satoshe Slugger #2721
2759,Line Drive,0.00777,Satoshe Slugger #2760
2818,Line Drive,0.00777,Satoshe Slugger #2819
2891,Line Drive,0.00777,Satoshe Slugger #2892
2901,Line Drive,0.00777,Satoshe Slugger #2902
3034,Line Drive,0.00777,Satoshe Slugger #3035
3071,Line Drive,0.00777,Satoshe Slugger #3072
3115,Line Drive,0.00777,Satoshe Slugger #3116
3152,Line Drive,0.00777,Satoshe Slugger #3153
3222,Line Drive,0.00777,Satoshe Slugger #3223
3223,Line Drive,0.00777,Satoshe Slugger #3224
3276,Line Drive,0.00777,Satoshe Slugger #3277
3495,Line Drive,0.00777,Satoshe Slugger #3496
3559,Line Drive,0.00777,Satoshe Slugger #3560
3629,Line Drive,0.00777,Satoshe Slugger #3630
3728,Line Drive,0.00777,Satoshe Slugger #3729
3729,Line Drive,0.00777,Satoshe Slugger #3730
3754,Line Drive,0.00777,Satoshe Slugger #3755
3793,Line Drive,0.00777,Satoshe Slugger #3794
3871,Line Drive,0.00777,Satoshe Slugger #3872
3888,Line Drive,0.00777,Satoshe Slugger #3889
3903,Line Drive,0.00777,Satoshe Slugger #3904
4012,Line Drive,0.00777,Satoshe Slugger #4013
4068,Line Drive,0.00777,Satoshe Slugger #4069
4138,Line Drive,0.00777,Satoshe Slugger #4139
4208,Line Drive,0.00777,Satoshe Slugger #4209
4211,Line Drive,0.00777,Satoshe Slugger #4212
4350,Line Drive,0.00777,Satoshe Slugger #4351
4381,Line Drive,0.00777,Satoshe Slugger #4382
4439,Line Drive,0.00777,Satoshe Slugger #4440
4448,Line Drive,0.00777,Satoshe Slugger #4449
4467,Line Drive,0.00777,Satoshe Slugger #4468
4492,Line Drive,0.00777,Satoshe Slugger #4493
4547,Line Drive,0.00777,Satoshe Slugger #4548
4557,Line Drive,0.00777,Satoshe Slugger #4558
4651,Line Drive,0.00777,Satoshe Slugger #4652
4689,Line Drive,0.00777,Satoshe Slugger #4690
4743,Line Drive,0.00777,Satoshe Slugger #4744
4753,Line Drive,0.00777,Satoshe Slugger #4754
4766,Line Drive,0.00777,Satoshe Slugger #4767
4770,Line Drive,0.00777,Satoshe Slugger #4771
4787,Line Drive,0.00777,Satoshe Slugger #4788
4862,Line Drive,0.00777,Satoshe Slugger #4863
4883,Line Drive,0.00777,Satoshe Slugger #4884
4892,Line Drive,0.00777,Satoshe Slugger #4893
5039,Line Drive,0.00777,Satoshe Slugger #5040
5136,Line Drive,0.00777,Satoshe Slugger #5137
5156,Line Drive,0.00777,Satoshe Slugger #5157
5214,Line Drive,0.00777,Satoshe Slugger #5215
5241,Line Drive,0.00777,Satoshe Slugger #5242
5278,Line Drive,0.00777,Satoshe Slugger #5279
5347,Line Drive,0.00777,Satoshe Slugger #5348
5351,Line Drive,0.00777,Satoshe Slugger #5352
5462,Line Drive,0.00777,Satoshe Slugger #5463
5512,Line Drive,0.00777,Satoshe Slugger #5513
5518,Line Drive,0.00777,Satoshe Slugger #5519
5524,Line Drive,0.00777,Satoshe Slugger #5525
5597,Line Drive,0.00777,Satoshe Slugger #5598
5635,Line Drive,0.00777,Satoshe Slugger #5636
5662,Line Drive,0.00777,Satoshe Slugger #5663
5694,Line Drive,0.00777,Satoshe Slugger #5695
5732,Line Drive,0.00777,Satoshe Slugger #5733
5741,Line Drive,0.00777,Satoshe Slugger #5742
5755,Line Drive,0.00777,Satoshe Slugger #5756
5776,Line Drive,0.00777,Satoshe Slugger #5777
5777,Line Drive,0.00777,Satoshe Slugger #5778
5887,Line Drive,0.00777,Satoshe Slugger #5888
5944,Line Drive,0.00777,Satoshe Slugger #5945
5998,Line Drive,0.00777,Satoshe Slugger #5999
6108,Line Drive,0.00777,Satoshe Slugger #6109
6114,Line Drive,0.00777,Satoshe Slugger #6115
6148,Line Drive,0.00777,Satoshe Slugger #6149
6182,Line Drive,0.00777,Satoshe Slugger #6183
6251,Line Drive,0.00777,Satoshe Slugger #6252
6267,Line Drive,0.00777,Satoshe Slugger #6268
6371,Line Drive,0.00777,Satoshe Slugger #6372
6426,Line Drive,0.00777,Satoshe Slugger #6427
6429,Line Drive,0.00777,Satoshe Slugger #6430
6469,Line Drive,0.00777,Satoshe Slugger #6470
6496,Line Drive,0.00777,Satoshe Slugger #6497
6538,Line Drive,0.00777,Satoshe Slugger #6539
6607,Line Drive,0.00777,Satoshe Slugger #6608
6609,Line Drive,0.00777,Satoshe Slugger #6610
6633,Line Drive,0.00777,Satoshe Slugger #6634
6715,Line Drive,0.00777,Satoshe Slugger #6716
6979,Line Drive,0.00777,Satoshe Slugger #6980
7061,Line Drive,0.00777,Satoshe Slugger #7062
7220,Line Drive,0.00777,Satoshe Slugger #7221
7371,Line Drive,0.00777,Satoshe Slugger #7372
7375,Line Drive,0.00777,Satoshe Slugger #7376
7501,Line Drive,0.00777,Satoshe Slugger #7502
7542,Line Drive,0.00777,Satoshe Slugger #7543
7593,Line Drive,0.00777,Satoshe Slugger #7594
7649,Line Drive,0.00777,Satoshe Slugger #7650
7721,Line Drive,0.00777,Satoshe Slugger #7722
901,Walk-Off Home Run,0.777,Satoshe Slugger #902
1080,Walk-Off Home Run,0.777,Satoshe Slugger #1081
1382,Walk-Off Home Run,0.777,Satoshe Slugger #1383
1586,Walk-Off Home Run,0.777,Satoshe Slugger #1587
1945,Walk-Off Home Run,0.777,Satoshe Slugger #1946
2011,Walk-Off Home Run,0.777,Satoshe Slugger #2012
2022,Walk-Off Home Run,0.777,Satoshe Slugger #2023
2117,Walk-Off Home Run,0.777,Satoshe Slugger #2118
2159,Walk-Off Home Run,0.777,Satoshe Slugger #2160
2307,Walk-Off Home Run,0.777,Satoshe Slugger #2308
2334,Walk-Off Home Run,0.777,Satoshe Slugger #2335
2369,Walk-Off Home Run,0.777,Satoshe Slugger #2370
2515,Walk-Off Home Run,0.777,Satoshe Slugger #2516
2758,Walk-Off Home Run,0.777,Satoshe Slugger #2759
3063,Walk-Off Home Run,0.777,Satoshe Slugger #3064
3074,Walk-Off Home Run,0.777,Satoshe Slugger #3075
3583,Walk-Off Home Run,0.777,Satoshe Slugger #3584
3604,Walk-Off Home Run,0.777,Satoshe Slugger #3605
3652,Walk-Off Home Run,0.777,Satoshe Slugger #3653
4587,Walk-Off Home Run,0.777,Satoshe Slugger #4588
4696,Walk-Off Home Run,0.777,Satoshe Slugger #4697
5021,Walk-Off Home Run,0.777,Satoshe Slugger #5022
5325,Walk-Off Home Run,0.777,Satoshe Slugger #5326
5546,Walk-Off Home Run,0.777,Satoshe Slugger #5547
5659,Walk-Off Home Run,0.777,Satoshe Slugger #5660
6121,Walk-Off Home Run,0.777,Satoshe Slugger #6122
6167,Walk-Off Home Run,0.777,Satoshe Slugger #6168
6255,Walk-Off Home Run,0.777,Satoshe Slugger #6256
6301,Walk-Off Home Run,0.777,Satoshe Slugger #6302
6621,Walk-Off Home Run,0.777,Satoshe Slugger #6622
6623,Walk-Off Home Run,0.777,Satoshe Slugger #6624
6673,Walk-Off Home Run,0.777,Satoshe Slugger #6674
6777,Walk-Off Home Run,0.777,Satoshe Slugger #6778
6895,Walk-Off Home Run,0.777,Satoshe Slugger #6896
6987,Walk-Off Home Run,0.777,Satoshe Slugger #6988
7162,Walk-Off Home Run,0.777,Satoshe Slugger #7163
7403,Walk-Off Home Run,0.777,Satoshe Slugger #7404
7767,Walk-Off Home Run,0.777,Satoshe Slugger #7768
903,Triple,0.0333,Satoshe Slugger #904
946,Triple,0.0333,Satoshe Slugger #947
1003,Triple,0.0333,Satoshe Slugger #1004
1008,Triple,0.0333,Satoshe Slugger #1009
1034,Triple,0.0333,Satoshe Slugger #1035
1047,Triple,0.0333,Satoshe Slugger #1048
1051,Triple,0.0333,Satoshe Slugger #1052
1149,Triple,0.0333,Satoshe Slugger #1150
1154,Triple,0.0333,Satoshe Slugger #1155
1203,Triple,0.0333,Satoshe Slugger #1204
1210,Triple,0.0333,Satoshe Slugger #1211
1259,Triple,0.0333,Satoshe Slugger #1260
1273,Triple,0.0333,Satoshe Slugger #1274
1334,Triple,0.0333,Satoshe Slugger #1335
1351,Triple,0.0333,Satoshe Slugger #1352
1377,Triple,0.0333,Satoshe Slugger #1378
1398,Triple,0.0333,Satoshe Slugger #1399
1421,Triple,0.0333,Satoshe Slugger #1422
1426,Triple,0.0333,Satoshe Slugger #1427
1428,Triple,0.0333,Satoshe Slugger #1429
1431,Triple,0.0333,Satoshe Slugger #1432
1444,Triple,0.0333,Satoshe Slugger #1445
1446,Triple,0.0333,Satoshe Slugger #1447
1447,Triple,0.0333,Satoshe Slugger #1448
1458,Triple,0.0333,Satoshe Slugger #1459
1510,Triple,0.0333,Satoshe Slugger #1511
1522,Triple,0.0333,Satoshe Slugger #1523
1561,Triple,0.0333,Satoshe Slugger #1562
1590,Triple,0.0333,Satoshe Slugger #1591
1600,Triple,0.0333,Satoshe Slugger #1601
1684,Triple,0.0333,Satoshe Slugger #1685
1717,Triple,0.0333,Satoshe Slugger #1718
1725,Triple,0.0333,Satoshe Slugger #1726
1770,Triple,0.0333,Satoshe Slugger #1771
1783,Triple,0.0333,Satoshe Slugger #1784
1785,Triple,0.0333,Satoshe Slugger #1786
1797,Triple,0.0333,Satoshe Slugger #1798
1821,Triple,0.0333,Satoshe Slugger #1822
1886,Triple,0.0333,Satoshe Slugger #1887
1888,Triple,0.0333,Satoshe Slugger #1889
1913,Triple,0.0333,Satoshe Slugger #1914
1929,Triple,0.0333,Satoshe Slugger #1930
2012,Triple,0.0333,Satoshe Slugger #2013
2034,Triple,0.0333,Satoshe Slugger #2035
2045,Triple,0.0333,Satoshe Slugger #2046
2090,Triple,0.0333,Satoshe Slugger #2091
2126,Triple,0.0333,Satoshe Slugger #2127
2127,Triple,0.0333,Satoshe Slugger #2128
2135,Triple,0.0333,Satoshe Slugger #2136
2137,Triple,0.0333,Satoshe Slugger #2138
2162,Triple,0.0333,Satoshe Slugger #2163
2181,Triple,0.0333,Satoshe Slugger #2182
2212,Triple,0.0333,Satoshe Slugger #2213
2216,Triple,0.0333,Satoshe Slugger #2217
2231,Triple,0.0333,Satoshe Slugger #2232
2259,Triple,0.0333,Satoshe Slugger #2260
2274,Triple,0.0333,Satoshe Slugger #2275
2309,Triple,0.0333,Satoshe Slugger #2310
2327,Triple,0.0333,Satoshe Slugger #2328
2342,Triple,0.0333,Satoshe Slugger #2343
2349,Triple,0.0333,Satoshe Slugger #2350
2386,Triple,0.0333,Satoshe Slugger #2387
2391,Triple,0.0333,Satoshe Slugger #2392
2404,Triple,0.0333,Satoshe Slugger #2405
2406,Triple,0.0333,Satoshe Slugger #2407
2412,Triple,0.0333,Satoshe Slugger #2413
2432,Triple,0.0333,Satoshe Slugger #2433
2441,Triple,0.0333,Satoshe Slugger #2442
2510,Triple,0.0333,Satoshe Slugger #2511
2535,Triple,0.0333,Satoshe Slugger #2536
2562,Triple,0.0333,Satoshe Slugger #2563
2579,Triple,0.0333,Satoshe Slugger #2580
2604,Triple,0.0333,Satoshe Slugger #2605
2616,Triple,0.0333,Satoshe Slugger #2617
2645,Triple,0.0333,Satoshe Slugger #2646
2659,Triple,0.0333,Satoshe Slugger #2660
2663,Triple,0.0333,Satoshe Slugger #2664
2704,Triple,0.0333,Satoshe Slugger #2705
2723,Triple,0.0333,Satoshe Slugger #2724
2740,Triple,0.0333,Satoshe Slugger #2741
2774,Triple,0.0333,Satoshe Slugger #2775
2788,Triple,0.0333,Satoshe Slugger #2789
2794,Triple,0.0333,Satoshe Slugger #2795
2809,Triple,0.0333,Satoshe Slugger #2810
2820,Triple,0.0333,Satoshe Slugger #2821
2831,Triple,0.0333,Satoshe Slugger #2832
2842,Triple,0.0333,Satoshe Slugger #2843
2854,Triple,0.0333,Satoshe Slugger #2855
2866,Triple,0.0333,Satoshe Slugger #2867
2873,Triple,0.0333,Satoshe Slugger #2874
2879,Triple,0.0333,Satoshe Slugger #2880
2900,Triple,0.0333,Satoshe Slugger #2901
2902,Triple,0.0333,Satoshe Slugger #2903
2921,Triple,0.0333,Satoshe Slugger #2922
2966,Triple,0.0333,Satoshe Slugger #2967
2998,Triple,0.0333,Satoshe Slugger #2999
3004,Triple,0.0333,Satoshe Slugger #3005
3083,Triple,0.0333,Satoshe Slugger #3084
3091,Triple,0.0333,Satoshe Slugger #3092
3196,Triple,0.0333,Satoshe Slugger #3197
3219,Triple,0.0333,Satoshe Slugger #3220
3241,Triple,0.0333,Satoshe Slugger #3242
3244,Triple,0.0333,Satoshe Slugger #3245
3245,Triple,0.0333,Satoshe Slugger #3246
3293,Triple,0.0333,Satoshe Slugger #3294
3300,Triple,0.0333,Satoshe Slugger #3301
3332,Triple,0.0333,Satoshe Slugger #3333
3333,Triple,0.0333,Satoshe Slugger #3334
3340,Triple,0.0333,Satoshe Slugger #3341
3353,Triple,0.0333,Satoshe Slugger #3354
3380,Triple,0.0333,Satoshe Slugger #3381
3388,Triple,0.0333,Satoshe Slugger #3389
3397,Triple,0.0333,Satoshe Slugger #3398
3410,Triple,0.0333,Satoshe Slugger #3411
3431,Triple,0.0333,Satoshe Slugger #3432
3439,Triple,0.0333,Satoshe Slugger #3440
3483,Triple,0.0333,Satoshe Slugger #3484
3525,Triple,0.0333,Satoshe Slugger #3526
3554,Triple,0.0333,Satoshe Slugger #3555
3566,Triple,0.0333,Satoshe Slugger #3567
3571,Triple,0.0333,Satoshe Slugger #3572
3574,Triple,0.0333,Satoshe Slugger #3575
3577,Triple,0.0333,Satoshe Slugger #3578
3584,Triple,0.0333,Satoshe Slugger #3585
3588,Triple,0.0333,Satoshe Slugger #3589
3625,Triple,0.0333,Satoshe Slugger #3626
3644,Triple,0.0333,Satoshe Slugger #3645
3662,Triple,0.0333,Satoshe Slugger #3663
3672,Triple,0.0333,Satoshe Slugger #3673
3679,Triple,0.0333,Satoshe Slugger #3680
3683,Triple,0.0333,Satoshe Slugger #3684
3708,Triple,0.0333,Satoshe Slugger #3709
3809,Triple,0.0333,Satoshe Slugger #3810
3820,Triple,0.0333,Satoshe Slugger #3821
3827,Triple,0.0333,Satoshe Slugger #3828
3863,Triple,0.0333,Satoshe Slugger #3864
3920,Triple,0.0333,Satoshe Slugger #3921
3984,Triple,0.0333,Satoshe Slugger #3985
4003,Triple,0.0333,Satoshe Slugger #4004
4029,Triple,0.0333,Satoshe Slugger #4030
4043,Triple,0.0333,Satoshe Slugger #4044
4044,Triple,0.0333,Satoshe Slugger #4045
4047,Triple,0.0333,Satoshe Slugger #4048
4079,Triple,0.0333,Satoshe Slugger #4080
4104,Triple,0.0333,Satoshe Slugger #4105
4117,Triple,0.0333,Satoshe Slugger #4118
4139,Triple,0.0333,Satoshe Slugger #4140
4209,Triple,0.0333,Satoshe Slugger #4210
4221,Triple,0.0333,Satoshe Slugger #4222
4237,Triple,0.0333,Satoshe Slugger #4238
4292,Triple,0.0333,Satoshe Slugger #4293
4295,Triple,0.0333,Satoshe Slugger #4296
4312,Triple,0.0333,Satoshe Slugger #4313
4318,Triple,0.0333,Satoshe Slugger #4319
4322,Triple,0.0333,Satoshe Slugger #4323
4324,Triple,0.0333,Satoshe Slugger #4325
4336,Triple,0.0333,Satoshe Slugger #4337
4340,Triple,0.0333,Satoshe Slugger #4341
4359,Triple,0.0333,Satoshe Slugger #4360
4364,Triple,0.0333,Satoshe Slugger #4365
4380,Triple,0.0333,Satoshe Slugger #4381
4397,Triple,0.0333,Satoshe Slugger #4398
4407,Triple,0.0333,Satoshe Slugger #4408
4440,Triple,0.0333,Satoshe Slugger #4441
4447,Triple,0.0333,Satoshe Slugger #4448
4489,Triple,0.0333,Satoshe Slugger #4490
4507,Triple,0.0333,Satoshe Slugger #4508
4520,Triple,0.0333,Satoshe Slugger #4521
4564,Triple,0.0333,Satoshe Slugger #4565
4592,Triple,0.0333,Satoshe Slugger #4593
4621,Triple,0.0333,Satoshe Slugger #4622
4682,Triple,0.0333,Satoshe Slugger #4683
4704,Triple,0.0333,Satoshe Slugger #4705
4776,Triple,0.0333,Satoshe Slugger #4777
4794,Triple,0.0333,Satoshe Slugger #4795
4809,Triple,0.0333,Satoshe Slugger #4810
4824,Triple,0.0333,Satoshe Slugger #4825
4870,Triple,0.0333,Satoshe Slugger #4871
4871,Triple,0.0333,Satoshe Slugger #4872
4872,Triple,0.0333,Satoshe Slugger #4873
4894,Triple,0.0333,Satoshe Slugger #4895
4897,Triple,0.0333,Satoshe Slugger #4898
4902,Triple,0.0333,Satoshe Slugger #4903
4909,Triple,0.0333,Satoshe Slugger #4910
4910,Triple,0.0333,Satoshe Slugger #4911
4919,Triple,0.0333,Satoshe Slugger #4920
4939,Triple,0.0333,Satoshe Slugger #4940
4954,Triple,0.0333,Satoshe Slugger #4955
4975,Triple,0.0333,Satoshe Slugger #4976
4997,Triple,0.0333,Satoshe Slugger #4998
4998,Triple,0.0333,Satoshe Slugger #4999
5030,Triple,0.0333,Satoshe Slugger #5031
5032,Triple,0.0333,Satoshe Slugger #5033
5034,Triple,0.0333,Satoshe Slugger #5035
5040,Triple,0.0333,Satoshe Slugger #5041
5051,Triple,0.0333,Satoshe Slugger #5052
5095,Triple,0.0333,Satoshe Slugger #5096
5110,Triple,0.0333,Satoshe Slugger #5111
5141,Triple,0.0333,Satoshe Slugger #5142
5144,Triple,0.0333,Satoshe Slugger #5145
5174,Triple,0.0333,Satoshe Slugger #5175
5182,Triple,0.0333,Satoshe Slugger #5183
5183,Triple,0.0333,Satoshe Slugger #5184
5193,Triple,0.0333,Satoshe Slugger #5194
5222,Triple,0.0333,Satoshe Slugger #5223
5245,Triple,0.0333,Satoshe Slugger #5246
5257,Triple,0.0333,Satoshe Slugger #5258
5283,Triple,0.0333,Satoshe Slugger #5284
5295,Triple,0.0333,Satoshe Slugger #5296
5309,Triple,0.0333,Satoshe Slugger #5310
5310,Triple,0.0333,Satoshe Slugger #5311
5316,Triple,0.0333,Satoshe Slugger #5317
5332,Triple,0.0333,Satoshe Slugger #5333
5356,Triple,0.0333,Satoshe Slugger #5357
5358,Triple,0.0333,Satoshe Slugger #5359
5363,Triple,0.0333,Satoshe Slugger #5364
5415,Triple,0.0333,Satoshe Slugger #5416
5442,Triple,0.0333,Satoshe Slugger #5443
5468,Triple,0.0333,Satoshe Slugger #5469
5471,Triple,0.0333,Satoshe Slugger #5472
5489,Triple,0.0333,Satoshe Slugger #5490
5535,Triple,0.0333,Satoshe Slugger #5536
5537,Triple,0.0333,Satoshe Slugger #5538
5548,Triple,0.0333,Satoshe Slugger #5549
5565,Triple,0.0333,Satoshe Slugger #5566
5583,Triple,0.0333,Satoshe Slugger #5584
5615,Triple,0.0333,Satoshe Slugger #5616
5616,Triple,0.0333,Satoshe Slugger #5617
5624,Triple,0.0333,Satoshe Slugger #5625
5638,Triple,0.0333,Satoshe Slugger #5639
5691,Triple,0.0333,Satoshe Slugger #5692
5704,Triple,0.0333,Satoshe Slugger #5705
5744,Triple,0.0333,Satoshe Slugger #5745
5766,Triple,0.0333,Satoshe Slugger #5767
5782,Triple,0.0333,Satoshe Slugger #5783
5824,Triple,0.0333,Satoshe Slugger #5825
5828,Triple,0.0333,Satoshe Slugger #5829
5845,Triple,0.0333,Satoshe Slugger #5846
5866,Triple,0.0333,Satoshe Slugger #5867
5878,Triple,0.0333,Satoshe Slugger #5879
5879,Triple,0.0333,Satoshe Slugger #5880
5892,Triple,0.0333,Satoshe Slugger #5893
5897,Triple,0.0333,Satoshe Slugger #5898
5919,Triple,0.0333,Satoshe Slugger #5920
5958,Triple,0.0333,Satoshe Slugger #5959
5962,Triple,0.0333,Satoshe Slugger #5963
5967,Triple,0.0333,Satoshe Slugger #5968
5978,Triple,0.0333,Satoshe Slugger #5979
5979,Triple,0.0333,Satoshe Slugger #5980
6013,Triple,0.0333,Satoshe Slugger #6014
6041,Triple,0.0333,Satoshe Slugger #6042
6046,Triple,0.0333,Satoshe Slugger #6047
6051,Triple,0.0333,Satoshe Slugger #6052
6083,Triple,0.0333,Satoshe Slugger #6084
6088,Triple,0.0333,Satoshe Slugger #6089
6094,Triple,0.0333,Satoshe Slugger #6095
6096,Triple,0.0333,Satoshe Slugger #6097
6105,Triple,0.0333,Satoshe Slugger #6106
6154,Triple,0.0333,Satoshe Slugger #6155
6166,Triple,0.0333,Satoshe Slugger #6167
6187,Triple,0.0333,Satoshe Slugger #6188
6215,Triple,0.0333,Satoshe Slugger #6216
6223,Triple,0.0333,Satoshe Slugger #6224
6241,Triple,0.0333,Satoshe Slugger #6242
6257,Triple,0.0333,Satoshe Slugger #6258
6258,Triple,0.0333,Satoshe Slugger #6259
6279,Triple,0.0333,Satoshe Slugger #6280
6282,Triple,0.0333,Satoshe Slugger #6283
6289,Triple,0.0333,Satoshe Slugger #6290
6292,Triple,0.0333,Satoshe Slugger #6293
6309,Triple,0.0333,Satoshe Slugger #6310
6323,Triple,0.0333,Satoshe Slugger #6324
6336,Triple,0.0333,Satoshe Slugger #6337
6346,Triple,0.0333,Satoshe Slugger #6347
6376,Triple,0.0333,Satoshe Slugger #6377
6415,Triple,0.0333,Satoshe Slugger #6416
6423,Triple,0.0333,Satoshe Slugger #6424
6428,Triple,0.0333,Satoshe Slugger #6429
6439,Triple,0.0333,Satoshe Slugger #6440
6446,Triple,0.0333,Satoshe Slugger #6447
6453,Triple,0.0333,Satoshe Slugger #6454
6465,Triple,0.0333,Satoshe Slugger #6466
6489,Triple,0.0333,Satoshe Slugger #6490
6540,Triple,0.0333,Satoshe Slugger #6541
6549,Triple,0.0333,Satoshe Slugger #6550
6552,Triple,0.0333,Satoshe Slugger #6553
6563,Triple,0.0333,Satoshe Slugger #6564
6570,Triple,0.0333,Satoshe Slugger #6571
6575,Triple,0.0333,Satoshe Slugger #6576
6582,Triple,0.0333,Satoshe Slugger #6583
6604,Triple,0.0333,Satoshe Slugger #6605
6608,Triple,0.0333,Satoshe Slugger #6609
6619,Triple,0.0333,Satoshe Slugger #6620
6660,Triple,0.0333,Satoshe Slugger #6661
6687,Triple,0.0333,Satoshe Slugger #6688
6688,Triple,0.0333,Satoshe Slugger #6689
6710,Triple,0.0333,Satoshe Slugger #6711
6733,Triple,0.0333,Satoshe Slugger #6734
6744,Triple,0.0333,Satoshe Slugger #6745
6806,Triple,0.0333,Satoshe Slugger #6807
6814,Triple,0.0333,Satoshe Slugger #6815
6815,Triple,0.0333,Satoshe Slugger #6816
6858,Triple,0.0333,Satoshe Slugger #6859
6907,Triple,0.0333,Satoshe Slugger #6908
6919,Triple,0.0333,Satoshe Slugger #6920
6921,Triple,0.0333,Satoshe Slugger #6922
6956,Triple,0.0333,Satoshe Slugger #6957
6986,Triple,0.0333,Satoshe Slugger #6987
6989,Triple,0.0333,Satoshe Slugger #6990
7000,Triple,0.0333,Satoshe Slugger #7001
7008,Triple,0.0333,Satoshe Slugger #7009
7044,Triple,0.0333,Satoshe Slugger #7045
7056,Triple,0.0333,Satoshe Slugger #7057
7077,Triple,0.0333,Satoshe Slugger #7078
7088,Triple,0.0333,Satoshe Slugger #7089
7094,Triple,0.0333,Satoshe Slugger #7095
7168,Triple,0.0333,Satoshe Slugger #7169
7170,Triple,0.0333,Satoshe Slugger #7171
7177,Triple,0.0333,Satoshe Slugger #7178
7187,Triple,0.0333,Satoshe Slugger #7188
7188,Triple,0.0333,Satoshe Slugger #7189
7189,Triple,0.0333,Satoshe Slugger #7190
7200,Triple,0.0333,Satoshe Slugger #7201
7237,Triple,0.0333,Satoshe Slugger #7238
7260,Triple,0.0333,Satoshe Slugger #7261
7263,Triple,0.0333,Satoshe Slugger #7264
7290,Triple,0.0333,Satoshe Slugger #7291
7299,Triple,0.0333,Satoshe Slugger #7300
7305,Triple,0.0333,Satoshe Slugger #7306
7354,Triple,0.0333,Satoshe Slugger #7355
7374,Triple,0.0333,Satoshe Slugger #7375
7376,Triple,0.0333,Satoshe Slugger #7377
7432,Triple,0.0333,Satoshe Slugger #7433
7493,Triple,0.0333,Satoshe Slugger #7494
7495,Triple,0.0333,Satoshe Slugger #7496
7502,Triple,0.0333,Satoshe Slugger #7503
7533,Triple,0.0333,Satoshe Slugger #7534
7552,Triple,0.0333,Satoshe Slugger #7553
7582,Triple,0.0333,Satoshe Slugger #7583
7589,Triple,0.0333,Satoshe Slugger #7590
7615,Triple,0.0333,Satoshe Slugger #7616
7643,Triple,0.0333,Satoshe Slugger #7644
7646,Triple,0.0333,Satoshe Slugger #7647
7658,Triple,0.0333,Satoshe Slugger #7659
7676,Triple,0.0333,Satoshe Slugger #7677
7702,Triple,0.0333,Satoshe Slugger #7703
7753,Triple,0.0333,Satoshe Slugger #7754
7754,Triple,0.0333,Satoshe Slugger #7755
7769,Triple,0.0333,Satoshe Slugger #7770
947,Base Hit,0.00777,Satoshe Slugger #948
964,Base Hit,0.00777,Satoshe Slugger #965
1070,Base Hit,0.00777,Satoshe Slugger #1071
1096,Base Hit,0.00777,Satoshe Slugger #1097
1136,Base Hit,0.00777,Satoshe Slugger #1137
1139,Base Hit,0.00777,Satoshe Slugger #1140
1195,Base Hit,0.00777,Satoshe Slugger #1196
1251,Base Hit,0.00777,Satoshe Slugger #1252
1274,Base Hit,0.00777,Satoshe Slugger #1275
1418,Base Hit,0.00777,Satoshe Slugger #1419
1436,Base Hit,0.00777,Satoshe Slugger #1437
1445,Base Hit,0.00777,Satoshe Slugger #1446
1449,Base Hit,0.00777,Satoshe Slugger #1450
1520,Base Hit,0.00777,Satoshe Slugger #1521
1528,Base Hit,0.00777,Satoshe Slugger #1529
1546,Base Hit,0.00777,Satoshe Slugger #1547
1620,Base Hit,0.00777,Satoshe Slugger #1621
1690,Base Hit,0.00777,Satoshe Slugger #1691
1758,Base Hit,0.00777,Satoshe Slugger #1759
1773,Base Hit,0.00777,Satoshe Slugger #1774
1858,Base Hit,0.00777,Satoshe Slugger #1859
1870,Base Hit,0.00777,Satoshe Slugger #1871
1919,Base Hit,0.00777,Satoshe Slugger #1920
1982,Base Hit,0.00777,Satoshe Slugger #1983
2000,Base Hit,0.00777,Satoshe Slugger #2001
2027,Base Hit,0.00777,Satoshe Slugger #2028
2039,Base Hit,0.00777,Satoshe Slugger #2040
2058,Base Hit,0.00777,Satoshe Slugger #2059
2063,Base Hit,0.00777,Satoshe Slugger #2064
2072,Base Hit,0.00777,Satoshe Slugger #2073
2120,Base Hit,0.00777,Satoshe Slugger #2121
2125,Base Hit,0.00777,Satoshe Slugger #2126
2238,Base Hit,0.00777,Satoshe Slugger #2239
2271,Base Hit,0.00777,Satoshe Slugger #2272
2277,Base Hit,0.00777,Satoshe Slugger #2278
2278,Base Hit,0.00777,Satoshe Slugger #2279
2329,Base Hit,0.00777,Satoshe Slugger #2330
2408,Base Hit,0.00777,Satoshe Slugger #2409
2416,Base Hit,0.00777,Satoshe Slugger #2417
2455,Base Hit,0.00777,Satoshe Slugger #2456
2500,Base Hit,0.00777,Satoshe Slugger #2501
2524,Base Hit,0.00777,Satoshe Slugger #2525
2533,Base Hit,0.00777,Satoshe Slugger #2534
2576,Base Hit,0.00777,Satoshe Slugger #2577
2634,Base Hit,0.00777,Satoshe Slugger #2635
2638,Base Hit,0.00777,Satoshe Slugger #2639
2711,Base Hit,0.00777,Satoshe Slugger #2712
2796,Base Hit,0.00777,Satoshe Slugger #2797
2827,Base Hit,0.00777,Satoshe Slugger #2828
2833,Base Hit,0.00777,Satoshe Slugger #2834
2839,Base Hit,0.00777,Satoshe Slugger #2840
2951,Base Hit,0.00777,Satoshe Slugger #2952
3036,Base Hit,0.00777,Satoshe Slugger #3037
3078,Base Hit,0.00777,Satoshe Slugger #3079
3103,Base Hit,0.00777,Satoshe Slugger #3104
3120,Base Hit,0.00777,Satoshe Slugger #3121
3160,Base Hit,0.00777,Satoshe Slugger #3161
3161,Base Hit,0.00777,Satoshe Slugger #3162
3171,Base Hit,0.00777,Satoshe Slugger #3172
3190,Base Hit,0.00777,Satoshe Slugger #3191
3225,Base Hit,0.00777,Satoshe Slugger #3226
3231,Base Hit,0.00777,Satoshe Slugger #3232
3247,Base Hit,0.00777,Satoshe Slugger #3248
3252,Base Hit,0.00777,Satoshe Slugger #3253
3308,Base Hit,0.00777,Satoshe Slugger #3309
3315,Base Hit,0.00777,Satoshe Slugger #3316
3352,Base Hit,0.00777,Satoshe Slugger #3353
3387,Base Hit,0.00777,Satoshe Slugger #3388
3464,Base Hit,0.00777,Satoshe Slugger #3465
3611,Base Hit,0.00777,Satoshe Slugger #3612
3685,Base Hit,0.00777,Satoshe Slugger #3686
3701,Base Hit,0.00777,Satoshe Slugger #3702
3783,Base Hit,0.00777,Satoshe Slugger #3784
3852,Base Hit,0.00777,Satoshe Slugger #3853
3875,Base Hit,0.00777,Satoshe Slugger #3876
3876,Base Hit,0.00777,Satoshe Slugger #3877
3897,Base Hit,0.00777,Satoshe Slugger #3898
3910,Base Hit,0.00777,Satoshe Slugger #3911
3912,Base Hit,0.00777,Satoshe Slugger #3913
3962,Base Hit,0.00777,Satoshe Slugger #3963
4018,Base Hit,0.00777,Satoshe Slugger #4019
4078,Base Hit,0.00777,Satoshe Slugger #4079
4114,Base Hit,0.00777,Satoshe Slugger #4115
4196,Base Hit,0.00777,Satoshe Slugger #4197
4238,Base Hit,0.00777,Satoshe Slugger #4239
4259,Base Hit,0.00777,Satoshe Slugger #4260
4320,Base Hit,0.00777,Satoshe Slugger #4321
4344,Base Hit,0.00777,Satoshe Slugger #4345
4356,Base Hit,0.00777,Satoshe Slugger #4357
4361,Base Hit,0.00777,Satoshe Slugger #4362
4388,Base Hit,0.00777,Satoshe Slugger #4389
4478,Base Hit,0.00777,Satoshe Slugger #4479
4497,Base Hit,0.00777,Satoshe Slugger #4498
4504,Base Hit,0.00777,Satoshe Slugger #4505
4570,Base Hit,0.00777,Satoshe Slugger #4571
4580,Base Hit,0.00777,Satoshe Slugger #4581
4679,Base Hit,0.00777,Satoshe Slugger #4680
4723,Base Hit,0.00777,Satoshe Slugger #4724
4752,Base Hit,0.00777,Satoshe Slugger #4753
4799,Base Hit,0.00777,Satoshe Slugger #4800
4863,Base Hit,0.00777,Satoshe Slugger #4864
4922,Base Hit,0.00777,Satoshe Slugger #4923
5101,Base Hit,0.00777,Satoshe Slugger #5102
5140,Base Hit,0.00777,Satoshe Slugger #5141
5209,Base Hit,0.00777,Satoshe Slugger #5210
5248,Base Hit,0.00777,Satoshe Slugger #5249
5275,Base Hit,0.00777,Satoshe Slugger #5276
5379,Base Hit,0.00777,Satoshe Slugger #5380
5434,Base Hit,0.00777,Satoshe Slugger #5435
5485,Base Hit,0.00777,Satoshe Slugger #5486
5599,Base Hit,0.00777,Satoshe Slugger #5600
5603,Base Hit,0.00777,Satoshe Slugger #5604
5661,Base Hit,0.00777,Satoshe Slugger #5662
5664,Base Hit,0.00777,Satoshe Slugger #5665
5679,Base Hit,0.00777,Satoshe Slugger #5680
5683,Base Hit,0.00777,Satoshe Slugger #5684
5712,Base Hit,0.00777,Satoshe Slugger #5713
5769,Base Hit,0.00777,Satoshe Slugger #5770
5833,Base Hit,0.00777,Satoshe Slugger #5834
5849,Base Hit,0.00777,Satoshe Slugger #5850
5853,Base Hit,0.00777,Satoshe Slugger #5854
5859,Base Hit,0.00777,Satoshe Slugger #5860
5883,Base Hit,0.00777,Satoshe Slugger #5884
5965,Base Hit,0.00777,Satoshe Slugger #5966
6001,Base Hit,0.00777,Satoshe Slugger #6002
6047,Base Hit,0.00777,Satoshe Slugger #6048
6090,Base Hit,0.00777,Satoshe Slugger #6091
6122,Base Hit,0.00777,Satoshe Slugger #6123
6140,Base Hit,0.00777,Satoshe Slugger #6141
6170,Base Hit,0.00777,Satoshe Slugger #6171
6296,Base Hit,0.00777,Satoshe Slugger #6297
6358,Base Hit,0.00777,Satoshe Slugger #6359
6375,Base Hit,0.00777,Satoshe Slugger #6376
6386,Base Hit,0.00777,Satoshe Slugger #6387
6407,Base Hit,0.00777,Satoshe Slugger #6408
6431,Base Hit,0.00777,Satoshe Slugger #6432
6461,Base Hit,0.00777,Satoshe Slugger #6462
6544,Base Hit,0.00777,Satoshe Slugger #6545
6578,Base Hit,0.00777,Satoshe Slugger #6579
6590,Base Hit,0.00777,Satoshe Slugger #6591
6593,Base Hit,0.00777,Satoshe Slugger #6594
6644,Base Hit,0.00777,Satoshe Slugger #6645
6671,Base Hit,0.00777,Satoshe Slugger #6672
6714,Base Hit,0.00777,Satoshe Slugger #6715
6728,Base Hit,0.00777,Satoshe Slugger #6729
6729,Base Hit,0.00777,Satoshe Slugger #6730
6746,Base Hit,0.00777,Satoshe Slugger #6747
6751,Base Hit,0.00777,Satoshe Slugger #6752
6788,Base Hit,0.00777,Satoshe Slugger #6789
6796,Base Hit,0.00777,Satoshe Slugger #6797
6854,Base Hit,0.00777,Satoshe Slugger #6855
6944,Base Hit,0.00777,Satoshe Slugger #6945
6980,Base Hit,0.00777,Satoshe Slugger #6981
7030,Base Hit,0.00777,Satoshe Slugger #7031
7106,Base Hit,0.00777,Satoshe Slugger #7107
7128,Base Hit,0.00777,Satoshe Slugger #7129
7185,Base Hit,0.00777,Satoshe Slugger #7186
7203,Base Hit,0.00777,Satoshe Slugger #7204
7206,Base Hit,0.00777,Satoshe Slugger #7207
7210,Base Hit,0.00777,Satoshe Slugger #7211
7323,Base Hit,0.00777,Satoshe Slugger #7324
7363,Base Hit,0.00777,Satoshe Slugger #7364
7415,Base Hit,0.00777,Satoshe Slugger #7416
7421,Base Hit,0.00777,Satoshe Slugger #7422
7466,Base Hit,0.00777,Satoshe Slugger #7467
7480,Base Hit,0.00777,Satoshe Slugger #7481
7522,Base Hit,0.00777,Satoshe Slugger #7523
7540,Base Hit,0.00777,Satoshe Slugger #7541
7580,Base Hit,0.00777,Satoshe Slugger #7581
7642,Base Hit,0.00777,Satoshe Slugger #7643
7682,Base Hit,0.00777,Satoshe Slugger #7683
7747,Base Hit,0.00777,Satoshe Slugger #7748
962,Double,0.00777,Satoshe Slugger #963
977,Double,0.00777,Satoshe Slugger #978
979,Double,0.00777,Satoshe Slugger #980
1031,Double,0.00777,Satoshe Slugger #1032
1071,Double,0.00777,Satoshe Slugger #1072
1121,Double,0.00777,Satoshe Slugger #1122
1232,Double,0.00777,Satoshe Slugger #1233
1360,Double,0.00777,Satoshe Slugger #1361
1409,Double,0.00777,Satoshe Slugger #1410
1410,Double,0.00777,Satoshe Slugger #1411
1451,Double,0.00777,Satoshe Slugger #1452
1616,Double,0.00777,Satoshe Slugger #1617
1633,Double,0.00777,Satoshe Slugger #1634
1658,Double,0.00777,Satoshe Slugger #1659
1678,Double,0.00777,Satoshe Slugger #1679
1730,Double,0.00777,Satoshe Slugger #1731
1862,Double,0.00777,Satoshe Slugger #1863
1869,Double,0.00777,Satoshe Slugger #1870
1880,Double,0.00777,Satoshe Slugger #1881
1882,Double,0.00777,Satoshe Slugger #1883
1894,Double,0.00777,Satoshe Slugger #1895
1916,Double,0.00777,Satoshe Slugger #1917
1917,Double,0.00777,Satoshe Slugger #1918
1947,Double,0.00777,Satoshe Slugger #1948
1954,Double,0.00777,Satoshe Slugger #1955
2031,Double,0.00777,Satoshe Slugger #2032
2070,Double,0.00777,Satoshe Slugger #2071
2174,Double,0.00777,Satoshe Slugger #2175
2214,Double,0.00777,Satoshe Slugger #2215
2227,Double,0.00777,Satoshe Slugger #2228
2370,Double,0.00777,Satoshe Slugger #2371
2419,Double,0.00777,Satoshe Slugger #2420
2447,Double,0.00777,Satoshe Slugger #2448
2534,Double,0.00777,Satoshe Slugger #2535
2570,Double,0.00777,Satoshe Slugger #2571
2667,Double,0.00777,Satoshe Slugger #2668
2745,Double,0.00777,Satoshe Slugger #2746
2770,Double,0.00777,Satoshe Slugger #2771
2808,Double,0.00777,Satoshe Slugger #2809
2845,Double,0.00777,Satoshe Slugger #2846
2912,Double,0.00777,Satoshe Slugger #2913
2920,Double,0.00777,Satoshe Slugger #2921
2945,Double,0.00777,Satoshe Slugger #2946
2949,Double,0.00777,Satoshe Slugger #2950
3013,Double,0.00777,Satoshe Slugger #3014
3031,Double,0.00777,Satoshe Slugger #3032
3046,Double,0.00777,Satoshe Slugger #3047
3055,Double,0.00777,Satoshe Slugger #3056
3076,Double,0.00777,Satoshe Slugger #3077
3082,Double,0.00777,Satoshe Slugger #3083
3145,Double,0.00777,Satoshe Slugger #3146
3168,Double,0.00777,Satoshe Slugger #3169
3261,Double,0.00777,Satoshe Slugger #3262
3271,Double,0.00777,Satoshe Slugger #3272
3288,Double,0.00777,Satoshe Slugger #3289
3294,Double,0.00777,Satoshe Slugger #3295
3313,Double,0.00777,Satoshe Slugger #3314
3342,Double,0.00777,Satoshe Slugger #3343
3402,Double,0.00777,Satoshe Slugger #3403
3480,Double,0.00777,Satoshe Slugger #3481
3544,Double,0.00777,Satoshe Slugger #3545
3627,Double,0.00777,Satoshe Slugger #3628
3636,Double,0.00777,Satoshe Slugger #3637
3654,Double,0.00777,Satoshe Slugger #3655
3671,Double,0.00777,Satoshe Slugger #3672
3745,Double,0.00777,Satoshe Slugger #3746
3752,Double,0.00777,Satoshe Slugger #3753
3756,Double,0.00777,Satoshe Slugger #3757
3779,Double,0.00777,Satoshe Slugger #3780
3825,Double,0.00777,Satoshe Slugger #3826
3879,Double,0.00777,Satoshe Slugger #3880
3930,Double,0.00777,Satoshe Slugger #3931
3934,Double,0.00777,Satoshe Slugger #3935
3940,Double,0.00777,Satoshe Slugger #3941
3972,Double,0.00777,Satoshe Slugger #3973
3992,Double,0.00777,Satoshe Slugger #3993
4008,Double,0.00777,Satoshe Slugger #4009
4035,Double,0.00777,Satoshe Slugger #4036
4046,Double,0.00777,Satoshe Slugger #4047
4050,Double,0.00777,Satoshe Slugger #4051
4058,Double,0.00777,Satoshe Slugger #4059
4143,Double,0.00777,Satoshe Slugger #4144
4157,Double,0.00777,Satoshe Slugger #4158
4210,Double,0.00777,Satoshe Slugger #4211
4247,Double,0.00777,Satoshe Slugger #4248
4250,Double,0.00777,Satoshe Slugger #4251
4311,Double,0.00777,Satoshe Slugger #4312
4390,Double,0.00777,Satoshe Slugger #4391
4486,Double,0.00777,Satoshe Slugger #4487
4525,Double,0.00777,Satoshe Slugger #4526
4528,Double,0.00777,Satoshe Slugger #4529
4533,Double,0.00777,Satoshe Slugger #4534
4538,Double,0.00777,Satoshe Slugger #4539
4603,Double,0.00777,Satoshe Slugger #4604
4613,Double,0.00777,Satoshe Slugger #4614
4782,Double,0.00777,Satoshe Slugger #4783
4802,Double,0.00777,Satoshe Slugger #4803
4808,Double,0.00777,Satoshe Slugger #4809
5046,Double,0.00777,Satoshe Slugger #5047
5067,Double,0.00777,Satoshe Slugger #5068
5080,Double,0.00777,Satoshe Slugger #5081
5126,Double,0.00777,Satoshe Slugger #5127
5154,Double,0.00777,Satoshe Slugger #5155
5300,Double,0.00777,Satoshe Slugger #5301
5318,Double,0.00777,Satoshe Slugger #5319
5344,Double,0.00777,Satoshe Slugger #5345
5424,Double,0.00777,Satoshe Slugger #5425
5473,Double,0.00777,Satoshe Slugger #5474
5534,Double,0.00777,Satoshe Slugger #5535
5553,Double,0.00777,Satoshe Slugger #5554
5571,Double,0.00777,Satoshe Slugger #5572
5645,Double,0.00777,Satoshe Slugger #5646
5647,Double,0.00777,Satoshe Slugger #5648
5658,Double,0.00777,Satoshe Slugger #5659
5674,Double,0.00777,Satoshe Slugger #5675
5686,Double,0.00777,Satoshe Slugger #5687
5714,Double,0.00777,Satoshe Slugger #5715
5788,Double,0.00777,Satoshe Slugger #5789
5906,Double,0.00777,Satoshe Slugger #5907
5914,Double,0.00777,Satoshe Slugger #5915
5931,Double,0.00777,Satoshe Slugger #5932
5934,Double,0.00777,Satoshe Slugger #5935
5936,Double,0.00777,Satoshe Slugger #5937
6024,Double,0.00777,Satoshe Slugger #6025
6052,Double,0.00777,Satoshe Slugger #6053
6054,Double,0.00777,Satoshe Slugger #6055
6189,Double,0.00777,Satoshe Slugger #6190
6201,Double,0.00777,Satoshe Slugger #6202
6203,Double,0.00777,Satoshe Slugger #6204
6206,Double,0.00777,Satoshe Slugger #6207
6252,Double,0.00777,Satoshe Slugger #6253
6271,Double,0.00777,Satoshe Slugger #6272
6314,Double,0.00777,Satoshe Slugger #6315
6345,Double,0.00777,Satoshe Slugger #6346
6367,Double,0.00777,Satoshe Slugger #6368
6520,Double,0.00777,Satoshe Slugger #6521
6522,Double,0.00777,Satoshe Slugger #6523
6569,Double,0.00777,Satoshe Slugger #6570
6584,Double,0.00777,Satoshe Slugger #6585
6620,Double,0.00777,Satoshe Slugger #6621
6641,Double,0.00777,Satoshe Slugger #6642
6669,Double,0.00777,Satoshe Slugger #6670
6686,Double,0.00777,Satoshe Slugger #6687
6702,Double,0.00777,Satoshe Slugger #6703
6778,Double,0.00777,Satoshe Slugger #6779
6826,Double,0.00777,Satoshe Slugger #6827
6865,Double,0.00777,Satoshe Slugger #6866
6872,Double,0.00777,Satoshe Slugger #6873
6900,Double,0.00777,Satoshe Slugger #6901
6969,Double,0.00777,Satoshe Slugger #6970
7006,Double,0.00777,Satoshe Slugger #7007
7007,Double,0.00777,Satoshe Slugger #7008
7011,Double,0.00777,Satoshe Slugger #7012
7143,Double,0.00777,Satoshe Slugger #7144
7164,Double,0.00777,Satoshe Slugger #7165
7194,Double,0.00777,Satoshe Slugger #7195
7198,Double,0.00777,Satoshe Slugger #7199
7209,Double,0.00777,Satoshe Slugger #7210
7211,Double,0.00777,Satoshe Slugger #7212
7267,Double,0.00777,Satoshe Slugger #7268
7274,Double,0.00777,Satoshe Slugger #7275
7314,Double,0.00777,Satoshe Slugger #7315
7365,Double,0.00777,Satoshe Slugger #7366
7402,Double,0.00777,Satoshe Slugger #7403
7414,Double,0.00777,Satoshe Slugger #7415
7423,Double,0.00777,Satoshe Slugger #7424
7445,Double,0.00777,Satoshe Slugger #7446
7487,Double,0.00777,Satoshe Slugger #7488
7500,Double,0.00777,Satoshe Slugger #7501
7518,Double,0.00777,Satoshe Slugger #7519
7535,Double,0.00777,Satoshe Slugger #7536
7547,Double,0.00777,Satoshe Slugger #7548
7570,Double,0.00777,Satoshe Slugger #7571
7607,Double,0.00777,Satoshe Slugger #7608
7610,Double,0.00777,Satoshe Slugger #7611
7675,Double,0.00777,Satoshe Slugger #7676
7735,Double,0.00777,Satoshe Slugger #7736
1001,Pinch Hit Home Run,0.0777,Satoshe Slugger #1002
1011,Pinch Hit Home Run,0.0777,Satoshe Slugger #1012
1066,Pinch Hit Home Run,0.0777,Satoshe Slugger #1067
1084,Pinch Hit Home Run,0.0777,Satoshe Slugger #1085
1130,Pinch Hit Home Run,0.0777,Satoshe Slugger #1131
1165,Pinch Hit Home Run,0.0777,Satoshe Slugger #1166
1167,Pinch Hit Home Run,0.0777,Satoshe Slugger #1168
1183,Pinch Hit Home Run,0.0777,Satoshe Slugger #1184
1356,Pinch Hit Home Run,0.0777,Satoshe Slugger #1357
1462,Pinch Hit Home Run,0.0777,Satoshe Slugger #1463
1513,Pinch Hit Home Run,0.0777,Satoshe Slugger #1514
1556,Pinch Hit Home Run,0.0777,Satoshe Slugger #1557
1603,Pinch Hit Home Run,0.0777,Satoshe Slugger #1604
1647,Pinch Hit Home Run,0.0777,Satoshe Slugger #1648
1657,Pinch Hit Home Run,0.0777,Satoshe Slugger #1658
1662,Pinch Hit Home Run,0.0777,Satoshe Slugger #1663
1666,Pinch Hit Home Run,0.0777,Satoshe Slugger #1667
1685,Pinch Hit Home Run,0.0777,Satoshe Slugger #1686
1691,Pinch Hit Home Run,0.0777,Satoshe Slugger #1692
1693,Pinch Hit Home Run,0.0777,Satoshe Slugger #1694
1701,Pinch Hit Home Run,0.0777,Satoshe Slugger #1702
1704,Pinch Hit Home Run,0.0777,Satoshe Slugger #1705
1731,Pinch Hit Home Run,0.0777,Satoshe Slugger #1732
1737,Pinch Hit Home Run,0.0777,Satoshe Slugger #1738
1788,Pinch Hit Home Run,0.0777,Satoshe Slugger #1789
1815,Pinch Hit Home Run,0.0777,Satoshe Slugger #1816
1847,Pinch Hit Home Run,0.0777,Satoshe Slugger #1848
1892,Pinch Hit Home Run,0.0777,Satoshe Slugger #1893
1957,Pinch Hit Home Run,0.0777,Satoshe Slugger #1958
1963,Pinch Hit Home Run,0.0777,Satoshe Slugger #1964
1991,Pinch Hit Home Run,0.0777,Satoshe Slugger #1992
2078,Pinch Hit Home Run,0.0777,Satoshe Slugger #2079
2116,Pinch Hit Home Run,0.0777,Satoshe Slugger #2117
2150,Pinch Hit Home Run,0.0777,Satoshe Slugger #2151
2301,Pinch Hit Home Run,0.0777,Satoshe Slugger #2302
2325,Pinch Hit Home Run,0.0777,Satoshe Slugger #2326
2407,Pinch Hit Home Run,0.0777,Satoshe Slugger #2408
2414,Pinch Hit Home Run,0.0777,Satoshe Slugger #2415
2425,Pinch Hit Home Run,0.0777,Satoshe Slugger #2426
2445,Pinch Hit Home Run,0.0777,Satoshe Slugger #2446
2470,Pinch Hit Home Run,0.0777,Satoshe Slugger #2471
2487,Pinch Hit Home Run,0.0777,Satoshe Slugger #2488
2555,Pinch Hit Home Run,0.0777,Satoshe Slugger #2556
2654,Pinch Hit Home Run,0.0777,Satoshe Slugger #2655
2837,Pinch Hit Home Run,0.0777,Satoshe Slugger #2838
2844,Pinch Hit Home Run,0.0777,Satoshe Slugger #2845
2867,Pinch Hit Home Run,0.0777,Satoshe Slugger #2868
2877,Pinch Hit Home Run,0.0777,Satoshe Slugger #2878
2887,Pinch Hit Home Run,0.0777,Satoshe Slugger #2888
2896,Pinch Hit Home Run,0.0777,Satoshe Slugger #2897
2918,Pinch Hit Home Run,0.0777,Satoshe Slugger #2919
2941,Pinch Hit Home Run,0.0777,Satoshe Slugger #2942
2955,Pinch Hit Home Run,0.0777,Satoshe Slugger #2956
2960,Pinch Hit Home Run,0.0777,Satoshe Slugger #2961
3042,Pinch Hit Home Run,0.0777,Satoshe Slugger #3043
3051,Pinch Hit Home Run,0.0777,Satoshe Slugger #3052
3054,Pinch Hit Home Run,0.0777,Satoshe Slugger #3055
3090,Pinch Hit Home Run,0.0777,Satoshe Slugger #3091
3102,Pinch Hit Home Run,0.0777,Satoshe Slugger #3103
3124,Pinch Hit Home Run,0.0777,Satoshe Slugger #3125
3137,Pinch Hit Home Run,0.0777,Satoshe Slugger #3138
3230,Pinch Hit Home Run,0.0777,Satoshe Slugger #3231
3375,Pinch Hit Home Run,0.0777,Satoshe Slugger #3376
3436,Pinch Hit Home Run,0.0777,Satoshe Slugger #3437
3451,Pinch Hit Home Run,0.0777,Satoshe Slugger #3452
3507,Pinch Hit Home Run,0.0777,Satoshe Slugger #3508
3509,Pinch Hit Home Run,0.0777,Satoshe Slugger #3510
3523,Pinch Hit Home Run,0.0777,Satoshe Slugger #3524
3697,Pinch Hit Home Run,0.0777,Satoshe Slugger #3698
3747,Pinch Hit Home Run,0.0777,Satoshe Slugger #3748
3762,Pinch Hit Home Run,0.0777,Satoshe Slugger #3763
3808,Pinch Hit Home Run,0.0777,Satoshe Slugger #3809
3931,Pinch Hit Home Run,0.0777,Satoshe Slugger #3932
3956,Pinch Hit Home Run,0.0777,Satoshe Slugger #3957
3966,Pinch Hit Home Run,0.0777,Satoshe Slugger #3967
4099,Pinch Hit Home Run,0.0777,Satoshe Slugger #4100
4110,Pinch Hit Home Run,0.0777,Satoshe Slugger #4111
4127,Pinch Hit Home Run,0.0777,Satoshe Slugger #4128
4148,Pinch Hit Home Run,0.0777,Satoshe Slugger #4149
4160,Pinch Hit Home Run,0.0777,Satoshe Slugger #4161
4228,Pinch Hit Home Run,0.0777,Satoshe Slugger #4229
4264,Pinch Hit Home Run,0.0777,Satoshe Slugger #4265
4309,Pinch Hit Home Run,0.0777,Satoshe Slugger #4310
4315,Pinch Hit Home Run,0.0777,Satoshe Slugger #4316
4331,Pinch Hit Home Run,0.0777,Satoshe Slugger #4332
4418,Pinch Hit Home Run,0.0777,Satoshe Slugger #4419
4421,Pinch Hit Home Run,0.0777,Satoshe Slugger #4422
4422,Pinch Hit Home Run,0.0777,Satoshe Slugger #4423
4430,Pinch Hit Home Run,0.0777,Satoshe Slugger #4431
4460,Pinch Hit Home Run,0.0777,Satoshe Slugger #4461
4469,Pinch Hit Home Run,0.0777,Satoshe Slugger #4470
4503,Pinch Hit Home Run,0.0777,Satoshe Slugger #4504
4605,Pinch Hit Home Run,0.0777,Satoshe Slugger #4606
4669,Pinch Hit Home Run,0.0777,Satoshe Slugger #4670
4672,Pinch Hit Home Run,0.0777,Satoshe Slugger #4673
4677,Pinch Hit Home Run,0.0777,Satoshe Slugger #4678
4699,Pinch Hit Home Run,0.0777,Satoshe Slugger #4700
4712,Pinch Hit Home Run,0.0777,Satoshe Slugger #4713
4717,Pinch Hit Home Run,0.0777,Satoshe Slugger #4718
4751,Pinch Hit Home Run,0.0777,Satoshe Slugger #4752
4761,Pinch Hit Home Run,0.0777,Satoshe Slugger #4762
4920,Pinch Hit Home Run,0.0777,Satoshe Slugger #4921
4941,Pinch Hit Home Run,0.0777,Satoshe Slugger #4942
4944,Pinch Hit Home Run,0.0777,Satoshe Slugger #4945
4950,Pinch Hit Home Run,0.0777,Satoshe Slugger #4951
4967,Pinch Hit Home Run,0.0777,Satoshe Slugger #4968
4989,Pinch Hit Home Run,0.0777,Satoshe Slugger #4990
4992,Pinch Hit Home Run,0.0777,Satoshe Slugger #4993
5016,Pinch Hit Home Run,0.0777,Satoshe Slugger #5017
5064,Pinch Hit Home Run,0.0777,Satoshe Slugger #5065
5100,Pinch Hit Home Run,0.0777,Satoshe Slugger #5101
5129,Pinch Hit Home Run,0.0777,Satoshe Slugger #5130
5137,Pinch Hit Home Run,0.0777,Satoshe Slugger #5138
5203,Pinch Hit Home Run,0.0777,Satoshe Slugger #5204
5210,Pinch Hit Home Run,0.0777,Satoshe Slugger #5211
5218,Pinch Hit Home Run,0.0777,Satoshe Slugger #5219
5281,Pinch Hit Home Run,0.0777,Satoshe Slugger #5282
5381,Pinch Hit Home Run,0.0777,Satoshe Slugger #5382
5416,Pinch Hit Home Run,0.0777,Satoshe Slugger #5417
5470,Pinch Hit Home Run,0.0777,Satoshe Slugger #5471
5486,Pinch Hit Home Run,0.0777,Satoshe Slugger #5487
5513,Pinch Hit Home Run,0.0777,Satoshe Slugger #5514
5540,Pinch Hit Home Run,0.0777,Satoshe Slugger #5541
5671,Pinch Hit Home Run,0.0777,Satoshe Slugger #5672
5746,Pinch Hit Home Run,0.0777,Satoshe Slugger #5747
5891,Pinch Hit Home Run,0.0777,Satoshe Slugger #5892
5903,Pinch Hit Home Run,0.0777,Satoshe Slugger #5904
6011,Pinch Hit Home Run,0.0777,Satoshe Slugger #6012
6017,Pinch Hit Home Run,0.0777,Satoshe Slugger #6018
6103,Pinch Hit Home Run,0.0777,Satoshe Slugger #6104
6181,Pinch Hit Home Run,0.0777,Satoshe Slugger #6182
6238,Pinch Hit Home Run,0.0777,Satoshe Slugger #6239
6268,Pinch Hit Home Run,0.0777,Satoshe Slugger #6269
6328,Pinch Hit Home Run,0.0777,Satoshe Slugger #6329
6353,Pinch Hit Home Run,0.0777,Satoshe Slugger #6354
6398,Pinch Hit Home Run,0.0777,Satoshe Slugger #6399
6467,Pinch Hit Home Run,0.0777,Satoshe Slugger #6468
6474,Pinch Hit Home Run,0.0777,Satoshe Slugger #6475
6505,Pinch Hit Home Run,0.0777,Satoshe Slugger #6506
6760,Pinch Hit Home Run,0.0777,Satoshe Slugger #6761
6794,Pinch Hit Home Run,0.0777,Satoshe Slugger #6795
6811,Pinch Hit Home Run,0.0777,Satoshe Slugger #6812
6830,Pinch Hit Home Run,0.0777,Satoshe Slugger #6831
6882,Pinch Hit Home Run,0.0777,Satoshe Slugger #6883
6890,Pinch Hit Home Run,0.0777,Satoshe Slugger #6891
6916,Pinch Hit Home Run,0.0777,Satoshe Slugger #6917
6927,Pinch Hit Home Run,0.0777,Satoshe Slugger #6928
6990,Pinch Hit Home Run,0.0777,Satoshe Slugger #6991
7045,Pinch Hit Home Run,0.0777,Satoshe Slugger #7046
7062,Pinch Hit Home Run,0.0777,Satoshe Slugger #7063
7080,Pinch Hit Home Run,0.0777,Satoshe Slugger #7081
7152,Pinch Hit Home Run,0.0777,Satoshe Slugger #7153
7165,Pinch Hit Home Run,0.0777,Satoshe Slugger #7166
7178,Pinch Hit Home Run,0.0777,Satoshe Slugger #7179
7183,Pinch Hit Home Run,0.0777,Satoshe Slugger #7184
7272,Pinch Hit Home Run,0.0777,Satoshe Slugger #7273
7297,Pinch Hit Home Run,0.0777,Satoshe Slugger #7298
7348,Pinch Hit Home Run,0.0777,Satoshe Slugger #7349
7356,Pinch Hit Home Run,0.0777,Satoshe Slugger #7357
7390,Pinch Hit Home Run,0.0777,Satoshe Slugger #7391
7418,Pinch Hit Home Run,0.0777,Satoshe Slugger #7419
7453,Pinch Hit Home Run,0.0777,Satoshe Slugger #7454
7454,Pinch Hit Home Run,0.0777,Satoshe Slugger #7455
7467,Pinch Hit Home Run,0.0777,Satoshe Slugger #7468
7489,Pinch Hit Home Run,0.0777,Satoshe Slugger #7490
7526,Pinch Hit Home Run,0.0777,Satoshe Slugger #7527
7598,Pinch Hit Home Run,0.0777,Satoshe Slugger #7599
7627,Pinch Hit Home Run,0.0777,Satoshe Slugger #7628
7648,Pinch Hit Home Run,0.0777,Satoshe Slugger #7649
7656,Pinch Hit Home Run,0.0777,Satoshe Slugger #7657
7734,Pinch Hit Home Run,0.0777,Satoshe Slugger #7735
1350,Grand Slam (Ultra-Legendary),1,Satoshe Slugger #1351
1400,Grand Slam (Ultra-Legendary),1,Satoshe Slugger #1401
1801,Grand Slam (Ultra-Legendary),1,Satoshe Slugger #1802
1878,Grand Slam (Ultra-Legendary),1,Satoshe Slugger #1879
2043,Grand Slam (Ultra-Legendary),1,Satoshe Slugger #2044
2248,Grand Slam (Ultra-Legendary),1,Satoshe Slugger #2249
2326,Grand Slam (Ultra-Legendary),1,Satoshe Slugger #2327
2364,Grand Slam (Ultra-Legendary),1,Satoshe Slugger #2365
2617,Grand Slam (Ultra-Legendary),1,Satoshe Slugger #2618
2624,Grand Slam (Ultra-Legendary),1,Satoshe Slugger #2625
2655,Grand Slam (Ultra-Legendary),1,Satoshe Slugger #2656
2828,Grand Slam (Ultra-Legendary),1,Satoshe Slugger #2829
3135,Grand Slam (Ultra-Legendary),1,Satoshe Slugger #3136
3562,Grand Slam (Ultra-Legendary),1,Satoshe Slugger #3563
3853,Grand Slam (Ultra-Legendary),1,Satoshe Slugger #3854
3939,Grand Slam (Ultra-Legendary),1,Satoshe Slugger #3940
3946,Grand Slam (Ultra-Legendary),1,Satoshe Slugger #3947
3947,Grand Slam (Ultra-Legendary),1,Satoshe Slugger #3948
3998,Grand Slam (Ultra-Legendary),1,Satoshe Slugger #3999
4803,Grand Slam (Ultra-Legendary),1,Satoshe Slugger #4804
4906,Grand Slam (Ultra-Legendary),1,Satoshe Slugger #4907
6253,Grand Slam (Ultra-Legendary),1,Satoshe Slugger #6254
6440,Grand Slam (Ultra-Legendary),1,Satoshe Slugger #6441
6699,Grand Slam (Ultra-Legendary),1,Satoshe Slugger #6700
6871,Grand Slam (Ultra-Legendary),1,Satoshe Slugger #6872
6892,Grand Slam (Ultra-Legendary),1,Satoshe Slugger #6893
6914,Grand Slam (Ultra-Legendary),1,Satoshe Slugger #6915
6971,Grand Slam (Ultra-Legendary),1,Satoshe Slugger #6972
7065,Grand Slam (Ultra-Legendary),1,Satoshe Slugger #7066
7199,Grand Slam (Ultra-Legendary),1,Satoshe Slugger #7200
